site_id,latitude,longitude,population_density_km2,household_income_index,commercial_rent_cop_m2,pedestrian_flow_day,vehicle_flow_day,distance_transit_m,competitor_count_1km,poi_density_1km,security_incidents_1km,green_space_pct,office_density_index,tourism_index,existing_store,performance_score,data_source
BG-0001,4.697405111475681,-74.21424752629879,15921.157519848155,70.91636748634438,38595.109480011655,4305.162546264825,63515.72445229266,330.6782867818085,1,245.05506470045933,21,2.9002282018929715,58.839302288791316,10.778276387888559,0,44.50151866582185,Sintético
BG-0002,4.676299729387299,-74.05794847767056,20085.99368410687,60.109560634991595,37403.678640534636,13623.76657351569,30061.914397592536,130.44331487879433,4,216.26904354505893,23,17.48768167908387,9.720948487801198,17.092039998326435,0,38.490476881676564,Sintético
BG-0003,4.570059256609338,-74.16327567323039,12737.992448612686,64.4078649099619,26665.733821111415,27852.09852142313,15884.025178896345,201.87340737833,0,202.46062743312092,17,5.961482426492507,16.919030833994757,12.270349735073342,0,38.81035151748389,Sintético
BG-0004,4.663388870240673,-74.04091590991497,16327.30000570231,80.46477778175543,59182.46663374614,26005.281551945744,22983.098364739093,270.8559101370913,4,283.0709761307811,14,28.589526896001285,46.69130071424957,9.6391803177787,0,47.75102346674079,Sintético
BG-0005,4.504137649243072,-74.07484631982787,17989.883345505208,58.31433484782137,131109.56606374253,16119.345631898923,79583.55186126081,88.71543514018997,1,148.67121389977797,50,19.491476542302635,45.27302164856272,20.086589950280125,0,53.71178806773257,Sintético
BG-0006,4.764249378927184,-73.9971308608245,25543.444869128303,52.6817317458303,34590.95453216961,27351.792240865798,45977.33672449407,1324.6672231792638,6,126.66480719749578,35,26.030057691081595,71.15443524013297,10.042255828714525,0,34.79273953761415,Sintético
BG-0007,4.657746123280867,-74.00501756072062,18839.367326926298,30.449502779186176,33796.04817345755,6412.345762053849,157733.28267704038,2200,0,121.0841450594005,85,8.068345870052543,37.238066402948235,8.094411174602202,0,31.898550117482806,Sintético
BG-0008,4.5492230861913345,-74.07412526945643,15971.60670299305,93.4648979210108,106592.2362085697,11357.424588850814,55532.37779621291,234.38901901854538,11,171.30879646393268,35,3.072504372167225,78.4837431011559,4.640456544070547,0,45.931292654895515,Sintético
BG-0009,4.773965936714788,-73.99547261242587,20501.307028869545,21.443654412516317,83049.41066764765,34714.8229864696,31098.200506935245,712.325328961671,3,240.45694460015721,4,9.88500584856606,8.952338246284562,35.293639879743424,0,30.087551986614635,Sintético
BG-0010,4.720986996503618,-74.21961100600971,22272.08378978205,56.33718084232176,49460.999493116375,32173.54931806694,37051.70178091097,155.41154873102673,3,126.48030420307819,25,20.156336614176713,22.49359339592126,32.247238009900826,0,43.38937366001787,Sintético
BG-0011,4.750648418443106,-74.18097097887444,21892.02192594185,39.95136288635463,71114.33598806146,9927.911805276295,32855.846941713244,270.73903642512835,3,107.80697172792793,29,36.33356402884762,17.807463522288696,12.67668865395119,0,32.85406493970582,Sintético
BG-0012,4.8158834340425924,-74.08304596675202,26922.40181329231,60.02433559012498,85778.85648937413,25126.72367674527,33959.544918066356,119.28356092029524,5,166.5487069739446,17,12.935361136704909,11.292422346399146,3.535297455329964,0,41.8508143239061,Sintético
BG-0013,4.622848796042965,-74.01188714998176,9573.92360645926,81.04135912900516,46742.17916456137,18017.136069471962,30947.393726141498,104.0424587976188,3,133.5142849959391,24,13.549429544979128,70.94376129058469,18.587837239583553,0,35.277380345938305,Sintético
BG-0014,4.591127573659645,-74.04491716718437,10202.557818036898,65.04184464274874,111684.71950341461,25666.777336972722,29235.134971616513,8.648033224602848,1,199.21948620079942,15,29.80262197352588,3.9473438355185895,37.48775288710567,0,45.7650976541735,Sintético
BG-0015,4.514646443851633,-74.04232939646121,20650.46492192516,17.160347607282095,54838.9763073666,16952.090851606325,85332.69778589984,725.6896707215315,1,190.80546500798727,47,29.80539004579165,43.059815202046785,13.432454283582414,0,29.61167496414282,Sintético
BG-0016,4.489757999241831,-74.02428084764813,17991.188632736546,43.40053366940781,83466.5205812017,25874.48958390128,63172.61839418593,283.48165120311097,1,128.32495274770105,28,17.015095531359183,44.721419059271284,4.13820014010124,0,44.55796311991113,Sintético
BG-0017,4.644627519652321,-74.05334544974859,22773.387372364483,62.88465496073615,62088.30361489629,23034.439524272602,88302.74538686137,283.52896725477893,3,105.78420800012695,66,10.348689075974749,29.219473876188545,27.577408466968635,0,44.21624607656322,Sintético
BG-0018,4.5838292830685825,-74.07716371615341,9910.071352191644,61.67861919110743,54498.53841717142,12004.29146740078,68689.50676161333,509.8721246289443,3,334.0921550694351,39,9.64733070295947,14.472757731496023,45.86097193296123,0,31.740551624578423,Sintético
BG-0019,4.800509921852974,-74.10489139926287,14372.00393544315,26.487038508278264,110253.22979483748,51448.2188085006,65485.63529343865,131.89727948526487,0,157.0517991542878,35,18.76613481598464,57.17848973193661,8.35147497668807,0,50.86219160482281,Sintético
BG-0020,4.586935833437858,-74.14564702915652,21699.20854819128,45.892710766639034,55136.36758697034,13555.976621649026,61436.95803959732,599.3723078021754,1,207.03134942394746,16,28.82332849278266,14.213109471767781,15.342606267597194,0,37.153584281614634,Sintético
BG-0021,4.66743012613936,-74.13177521695316,21963.813304275074,85.28621625924868,25000,16997.70077944244,35748.519001938155,148.93787890555328,4,160.56743213845107,32,18.72367983231968,17.143776669076317,30.383685257166192,0,41.23614892945571,Sintético
BG-0022,4.759054167581249,-73.99441182810824,15072.323078814017,28.721110659345655,54327.66217440754,15738.319297539334,45034.219936625974,446.702435045539,1,205.47234676794037,75,8.153893985228722,49.290990865972496,35.32177424909469,0,31.18369801174562,Sintético
BG-0023,4.495636929350253,-74.03688700301268,15143.52825729814,29.344682522098033,127109.46726690394,10885.4216119947,24366.452206394293,259.69350924012923,2,42.35407882777699,12,10.320219478727795,36.37427495564322,21.643781245625952,0,29.057512764512964,Sintético
BG-0024,4.580378456320312,-73.99507276854732,14228.961978234422,51.7205248347959,92697.57681335567,28294.343857159016,40861.716422742895,425.1661347041544,4,213.716697763722,71,10.16634861706118,7.604256158903635,2.9237465868453523,0,30.42419057989255,Sintético
BG-0025,4.760394536264418,-74.10917499912904,19494.176367247263,32.77678151464962,36496.21706521009,3357.034236798355,48287.49115829898,469.25357626718426,5,252.9425972061335,9,2.0605395245433034,11.607594557794995,24.997714266600536,0,21.458625120697544,Sintético
BG-0026,4.64749237045259,-74.19764584031698,18632.413905226287,37.13513859606687,46993.21556321582,8837.517889663812,20020.723887116455,282.2673227272299,3,61.13260496842666,26,24.712994256892426,15.612934274239642,68.62004390286512,0,24.765947753261653,Sintético
BG-0027,4.522814121004735,-74.09014706554116,24541.89780507412,62.39710956161664,43683.231596121885,11105.717439887956,64489.69342505189,10.96967840007515,0,116.12240293480811,13,19.996862061881632,78.41291135255304,46.484858065120285,0,54.09966080413474,Sintético
BG-0028,4.500680638548133,-74.10983416047037,10048.976786559459,47.70720907570892,37296.14911947227,18078.369464829793,141741.6760466578,317.6073798045751,3,85.94857399417644,75,33.086053547177094,23.192387150616145,4.052499704617461,0,38.38192709664589,Sintético
BG-0029,4.793814912149691,-74.20455933912856,17630.683404733616,14.081415093236005,69720.76056285296,12846.928353052883,40954.45190356409,459.74953153140535,6,213.7572776694212,37,16.0518941838805,16.695581086357148,17.809479898011958,0,22.676421333121134,Sintético
BG-0030,4.688614915382058,-74.07217919231914,28300.463697823216,46.769221097636716,65214.91340390512,8508.928921830817,10940.29626387146,575.7616690106247,1,134.3372378492437,49,32.5981762380247,56.706277313955255,31.01532794207667,0,37.21569874444118,Sintético
BG-0031,4.626170635355283,-74.1548533118815,13891.685133846338,94.10544470430531,46240.76827124789,11214.28316294977,5461.611338779076,577.2570785712776,1,208.5828535043075,69,1.930662252659257,32.77883915114909,13.18602447846174,0,28.14242176339966,Sintético
BG-0032,4.509964159641282,-74.02576859724262,16791.065094591144,66.65756296647798,51281.46921087556,17068.42808090275,52361.63596766952,992.7283085601968,2,251.2273150505193,16,5.748639014919221,18.552171233341173,39.580741097946756,0,45.69191548554219,Sintético
BG-0033,4.693253918345922,-74.18527979767958,21609.45308867753,79.95598296397665,45842.02978717782,5812.617941629412,17518.115882077323,838.7150394326776,9,163.83171253446122,33,32.57859930790171,16.932448272848273,33.40895627193697,0,31.019969693417355,Sintético
BG-0034,4.6577343319902855,-74.18348837216425,13542.136085581213,44.12689568875653,67625.61728806104,7150.969841367325,35846.53222396305,540.2837414052093,5,178.94957091376088,21,21.383347290729866,16.25790769395722,27.756347675680487,0,27.498814513404433,Sintético
BG-0035,4.699648439049386,-74.12261653574592,13310.783773232644,52.854732234688065,34959.69712765891,26317.685460617206,42629.64256442821,74.35353429589391,8,246.52652681544055,26,23.400685918823676,53.53415459086304,25.667628548007237,0,44.91308111362655,Sintético
BG-0036,4.757743021457622,-74.03571037844515,19044.691420992778,58.750108964525474,29718.759238038612,11597.415522002382,24753.810072005148,241.63245297146304,3,162.87705145457036,4,35.25923595889496,40.817759544719344,11.489411001425346,0,39.41579384007188,Sintético
BG-0037,4.517803532510241,-74.15373663705097,15986.162047798174,52.888298835919436,130040.06138812634,3578.1404340742333,32630.5169372934,65.09608538251364,3,116.60828939940737,42,19.063544881188417,32.01040728657041,31.309595550003994,0,29.808046225293946,Sintético
BG-0038,4.4950741340203715,-74.09441683860223,17753.539276998585,58.72161317177188,88712.3302444547,12052.269553976867,29244.096942593194,17.979916134483084,2,107.14266649751474,58,13.568250666753807,59.928064459138696,15.940996857835785,0,32.170647451264365,Sintético
BG-0039,4.684834121602278,-74.03086150570581,12108.128883471072,35.46505911065473,49818.797594693504,13329.392786136897,88564.71227231233,182.58579718507866,0,138.20319592967593,44,13.935455564579174,27.3110063391031,41.738242078896484,0,32.957984721079505,Sintético
BG-0040,4.660016359722339,-74.12845216943093,14174.869428849519,29.521877994511815,63862.87208398217,11320.42905529488,146943.6234577149,141.2375512378341,1,153.7197143406415,26,26.266866612391205,3.90970620154612,34.91432751212059,0,35.477380454957476,Sintético
BG-0041,4.521263234726676,-74.17377451462913,22409.144579601027,20.412615191968353,66353.12164534358,6883.320301956082,160000,532.9534868218707,3,153.34949757858374,21,34.7244763403056,65.6610884737735,10.007240439742647,0,48.714587677398995,Sintético
BG-0042,4.799907378676722,-74.01416703913114,18739.286200023653,83.04862823399897,63067.232861173674,9192.632801140351,25371.985982713406,451.53769325947934,6,263.70644381900144,6,13.941231459823097,40.78396362265166,57.93929422935076,1,38.974574733757436,Sintético
BG-0043,4.6294658699729405,-74.1086222400753,18523.676609078877,30.819738027730452,47667.493208162385,12615.713249908033,34589.847739158286,119.66265858445513,1,141.80199756557002,16,6.444824206198943,55.692369978377684,16.860272164785925,0,41.13796987260718,Sintético
BG-0044,4.639999530145187,-74.09656112766355,19665.612521900362,63.15047348966684,50080.9129880295,9822.288986315985,17134.39321706439,294.71175917053034,7,91.12650262154762,23,8.669820490965042,72.02513828251959,16.6899280400942,0,28.36873957920039,Sintético
BG-0045,4.591508388196419,-74.07899433215512,24802.202137429216,75.20148068019482,65232.75378210973,12191.675391193534,42024.48544417278,470.5109580265947,7,157.79741241078997,58,17.322394660690613,84.32202823859217,8.711058646752813,0,54.40627251826934,Sintético
BG-0046,4.776758021030189,-74.0507574276082,19120.496256305163,29.022309836575282,50317.264171932715,13389.978032986563,70042.80095991753,432.97199340176684,5,107.37462498276476,33,8.250146716266894,17.725380142576437,7.588446278128044,0,29.49998675235153,Sintético
BG-0047,4.804567013553097,-74.03493835818999,15423.137628760502,68.69022141535976,58674.441016511,17811.05577402525,67670.69875732198,62.01590804131001,4,116.95681638517044,31,2.6045281105572817,45.19309781744122,12.56797002443604,0,44.7715959076251,Sintético
BG-0048,4.510416644973916,-74.08794932876967,8368.923377848174,92.1236960576719,113152.95780215457,16683.15948994658,112177.73065367849,1093.7752508689086,4,161.3616828732637,14,9.778603668002882,50.941975645369006,4.049295766262735,0,38.15582545258157,Sintético
BG-0049,4.509490841748441,-74.06607115371571,17640.521938038146,60.00435876841156,34484.501242970975,3113.795200887706,67353.6348158619,26.937913235262815,1,145.49345219761253,19,29.193961004306527,58.92441682491858,18.635008052029033,0,41.78382553300184,Sintético
BG-0050,4.736611446906455,-74.01917893654782,21425.7113764942,55.090970381824015,63960.28941061374,12813.349578808939,21794.5452286942,96.56568816174313,4,164.45881081331834,27,15.705446043642443,36.0156439335113,34.72532163454438,0,40.19661975864813,Sintético
BG-0051,4.797758151620882,-74.20412559638312,17707.936642311863,33.383402489705226,72714.09313124008,34418.91893609065,42551.92467673995,482.16136445361883,5,195.17063295800932,13,35.53442268330855,47.72028701527471,16.276239692830504,0,40.92660643662859,Sintético
BG-0052,4.518367177180603,-74.03382001778598,8753.398907808938,80.69356207058908,70612.6306641243,24972.65665365253,32037.634158037927,102.88591361310644,3,249.69562260616738,20,26.292304585929365,58.022996770837246,16.4412574314737,0,48.844694003155325,Sintético
BG-0053,4.621550375363292,-74.18567995020021,10281.965986224848,64.91025882024924,267011.58801716834,18326.907108106392,32701.99637063317,95.4757398727418,5,214.8454267787772,17,26.664699867251002,54.06496805970126,47.501037544215116,0,45.03128644735762,Sintético
BG-0054,4.519887507810735,-73.9900984383859,12657.560811089956,42.16504806917772,62351.4934117565,11348.683645595202,51415.77946061146,43.60242631325811,9,139.4788373415172,34,7.387373068699341,15.355077417489124,44.574783912819086,0,27.181054609335966,Sintético
BG-0055,4.698176114495561,-74.10716301600641,21049.46651542933,35.279519964562525,65566.17027010037,32049.88265878359,65122.721927785286,607.0513190787116,3,114.91583215676786,2,10.60178487519135,85.74863122577412,1.4007398698194027,1,53.5930648495391,Sintético
BG-0056,4.756473455110729,-74.06497242101258,20442.10808343328,52.50916582389832,66871.38385734816,11476.489874586585,42364.24258934379,218.78728420626715,4,113.87172997854145,73,42.7856377574604,41.04403652752976,46.36535358550261,0,23.30044773921813,Sintético
BG-0057,4.775159742797746,-74.01586250938206,14913.19237076251,69.85886707601921,78527.86941916322,23683.849411269643,17542.63935742486,74.45533826449228,2,142.66886109316354,20,4.828048081439077,41.23491355463755,13.207367354296274,0,40.78038182232989,Sintético
BG-0058,4.626828301721446,-74.06367018263973,15328.424841991788,80.42416813328799,89058.59173348875,12562.222542053983,4474.6497726352745,154.79347545267723,2,94.46841323815376,26,16.061916121122998,49.384848572816686,8.946789444897135,0,32.66681592772369,Sintético
BG-0059,4.674466546454844,-74.18099592761976,14418.48918454895,78.69109278606517,53205.03362574069,6567.697550872375,32991.096684661235,411.9860182609214,4,88.06681671455043,38,7.618121283363855,41.58845415353505,14.03188668183583,0,31.432184048130157,Sintético
BG-0060,4.6078588027902105,-74.03220626145043,14499.975435749986,55.190964001010435,136348.95464635707,15851.161735451604,47098.10255583065,144.63414406259056,5,240.58982643162273,29,7.134046669766636,10.991416344910142,19.647726866506055,0,37.07789195777405,Sintético
BG-0061,4.602240027625529,-74.01403465146699,9283.728284944553,19.566799945883155,67423.02926436983,14404.280096836961,113869.19376585375,236.42574374634668,0,164.51598463291796,35,10.658358971853174,41.59112075027161,11.424911641115305,0,31.5037342803992,Sintético
BG-0062,4.550334890910827,-74.10892702028073,10978.630012355134,74.98017825212855,85289.67992433831,9086.047115819487,32783.80135084983,80.51793291193178,1,145.42913312561078,40,3.865703305883529,45.97858442260495,9.194186264804964,0,34.358431733527816,Sintético
BG-0063,4.569200154453803,-74.02159359408482,9188.188013312087,54.50920762461317,120222.23275386274,29332.090329063958,36838.193818000844,400.33304640947557,1,90.88744699911476,13,25.110731988200573,13.782218328028343,29.685206814080416,0,32.87443011009434,Sintético
BG-0064,4.602073318538266,-74.21779580890045,22750.102696915863,59.11506682355166,59307.43543429271,4565.663422429709,36439.87349421752,134.979924809613,4,154.66736427367152,55,3.8522842821790917,64.82478653730455,46.09561307075022,0,44.52413151319935,Sintético
BG-0065,4.581221037934984,-73.99015808606585,11923.73933020536,83.53611782190326,66471.34889601241,23598.59870674588,26413.734467821218,62.97215848044971,1,73.1911677957257,18,14.633191973520674,57.743588973101154,61.13031964215185,0,45.480892514922594,Sintético
BG-0066,4.709919748257982,-74.1074244930394,12863.329916053584,42.26945070063708,31303.89405303422,11717.377009637676,42076.13537215834,1260.3472585126685,7,216.84161958266048,42,5.901306804447589,18.338384799451507,18.852085973150018,0,18.330029556919378,Sintético
BG-0067,4.746522519025794,-74.11429619458508,23795.14761644639,55.77427024509704,94859.13835205266,21391.62448089246,42276.83420287702,983.3580606628124,1,128.20343323736375,16,21.000563682238838,1.4610899775459474,40.162297573893966,0,44.789839105977116,Sintético
BG-0068,4.514825237952833,-74.1479291601886,18570.749836139257,86.91961721197688,33280.98799842123,2777.22930330948,47217.63239488671,538.3095588160636,4,146.59145322279306,9,27.95254110148792,9.724711883740571,31.48639998688757,0,32.899766335333766,Sintético
BG-0069,4.656034703451061,-74.10280980979361,16441.02844587445,47.75829124541135,69823.20698485961,33450.127560105786,41811.176372402966,482.4416986598163,7,76.16035429397566,59,22.1178772603555,9.321798029343455,22.437285803669653,0,27.838159522348544,Sintético
BG-0070,4.6128487110092395,-74.07411232310875,20481.55381476043,14.802511930104084,54582.7416098648,19857.722787221588,72133.70142133239,566.8354943893078,1,207.95801609361772,58,4.938158253475962,9.127523124401414,62.97861725600479,0,28.720738920402095,Sintético
BG-0071,4.649867401958871,-74.08961619050515,13810.531844183195,18.516336232500418,60302.3611495273,16097.20242869903,25002.113585262392,1123.907999952573,9,321.42515664671953,25,17.921238305788368,18.33400395449394,13.295924029172465,0,23.56118981077156,Sintético
BG-0072,4.482709519009536,-74.17384563470581,12424.706590279093,55.6064732824483,77774.65123187596,38617.945128525476,32877.86923753905,2.687289502936199,3,135.2909952508972,84,1,20.630907455332427,2.5527410248801594,0,36.39094002483673,Sintético
BG-0073,4.785077740456696,-74.10045537974683,14974.137283184444,24.450287958705267,45735.766176095225,28425.35215829232,71484.6266477581,160.780307971576,2,109.43806937506638,35,8.080670564488354,47.72099494761623,24.57669301803599,0,33.796718827881776,Sintético
BG-0074,4.564394388416827,-74.13817916623401,8708.3122135822,83.64461160324002,51716.15234426268,11087.799278542065,79134.78488452139,63.24455200502714,0,253.57314343482696,39,32.057663485145994,15.484939211929003,20.423179142707703,0,40.969332429430274,Sintético
BG-0075,4.4900239796201,-74.06286102914711,18185.618780174904,29.907785954296134,45752.25384264906,18142.860234565378,35518.64075778181,61.997926121183575,1,167.42107308729175,62,12.657658210537594,55.34872521716208,7.049961829262104,0,37.76179077041386,Sintético
BG-0076,4.514045674683686,-74.06892118308346,15507.762440595705,80.27342023299795,82740.89683025329,19353.73233352569,67806.928093298,1030.3337098410716,0,174.85211958220873,29,21.29417036849865,5.445715482188626,21.192868435324097,0,47.95355776529729,Sintético
BG-0077,4.8065899750937575,-74.13407412058082,21374.644437369752,53.15287755441109,79636.47206798424,19246.036496966088,37532.80660413521,489.8673912106954,1,377.42897071191743,23,18.433572765779783,24.513386318766592,18.10892568178752,0,44.46661646922758,Sintético
BG-0078,4.7814621951740595,-74.11727511515751,16123.963867023505,29.02596941944352,59361.66669562931,18014.15986991072,50099.097551817074,838.0988311202282,5,101.256484756823,20,5.117379606572972,66.46695799154791,63.25048760472072,0,34.832537425321,Sintético
BG-0079,4.782516111937375,-74.18386613121392,19337.431030319058,24.736684848420524,46526.72740526046,10811.481910384282,57097.06522871725,769.3024635395639,1,149.37993549234702,42,14.576906462328367,26.89208733798915,8.460586261138932,0,29.148053496640365,Sintético
BG-0080,4.631563592070116,-74.15944192766294,12864.977177692199,27.431374646811435,36776.382166774674,17889.036414297716,58521.27182114578,338.7485379562841,9,147.8028918060445,8,14.282086353716018,71.25908684884129,16.38232085610736,0,31.475821241686752,Sintético
BG-0081,4.628033703481053,-73.99062807784088,9628.578215280362,47.576239582185295,49739.31096356898,15767.804794593634,77048.70636068349,409.77877923140375,3,147.06917492307753,36,22.47382628150295,33.318672937595764,11.348774243583826,0,24.32425167011611,Sintético
BG-0082,4.782455232730848,-74.14375636258112,17170.925836029586,97.5426090001979,48471.576201068965,16588.457815238344,19934.884704963322,853.3539334585824,1,152.12493247404942,17,27.60427946746298,33.28126787927877,31.535663023290383,0,48.564704103297395,Sintético
BG-0083,4.769440415935645,-74.01775350398722,19846.893979444387,83.7849288208877,25000,16930.71636166592,22546.5333895919,13.036794459133358,2,104.39642134358098,35,5.148687111730957,41.83974256294055,43.39053789844918,1,44.25160990778751,Sintético
BG-0084,4.7453032458486195,-74.04345827246527,27933.74778297262,96.24624613258196,84044.79624500907,14958.524010920704,40599.3042070718,121.94724168682092,3,253.89506474289217,9,24.257137637594315,68.37546182119588,47.76559620206305,0,60.42229752441061,Sintético
BG-0085,4.7858935952134685,-74.03475114079428,18774.581692699325,49.37083101772828,54026.5660025862,4812.940156864489,57118.49841038263,88.45884455840353,6,169.1414461253449,30,38.25602824510427,8.24936657277683,11.422424925566848,0,23.806193711896007,Sintético
BG-0086,4.733031375976555,-74.14937038759359,17605.894590557993,53.5180846009358,82208.63335052508,9955.340187527423,56911.27303258567,995.8570007615432,3,212.1189289704415,29,5.320315101059383,51.091629112079204,22.207837150563222,0,29.223374036446597,Sintético
BG-0087,4.606854477845307,-74.21676226269334,12186.06886615323,29.761469168324854,75196.75767259831,8160.441923799873,58436.80537193201,76.75326604036984,2,181.8834138317869,89,14.024079632957417,22.99350099784979,56.975582978228836,0,35.15398495614553,Sintético
BG-0088,4.492703565415483,-74.01839484835212,16266.06734869175,15.037778905022957,53977.9766582952,18048.766889681978,25276.28698708471,498.9907879578457,4,197.2157813419909,17,11.961220053030203,30.870445312432377,9.482033542932816,0,33.038741567265845,Sintético
BG-0089,4.580419408340209,-74.21093668724542,12952.658709478304,5,69797.59607525305,7009.654803139264,70303.03992593555,44.85407208634726,2,155.9224311055056,18,19.90103830710472,5.87434103015113,14.489363851421452,0,23.573931016454218,Sintético
BG-0090,4.757087858442409,-74.17794003333016,5689.699137327776,20.954547873160585,105429.24371493839,7712.269515266013,15241.970208225932,1199.2664771567747,1,180.66444082257834,44,28.716686134827647,80.9693226499719,16.698848129003217,0,22.07348978522482,Sintético
BG-0091,4.7195531800034125,-74.06407634816536,17249.38762955522,47.70209164317753,63548.99145052438,7174.178805367431,33144.583585369954,178.1912807503636,5,261.7252578945599,40,31.509527888858166,24.542792115408467,23.598433431728665,0,25.403960638640296,Sintético
BG-0092,4.520360329698236,-74.1056041299447,15119.3019641895,43.93849354851553,44054.72519094215,10108.640288796692,107438.32963141226,189.63983194288068,0,154.15317998987229,38,31.825599582638123,11.422013427494985,22.987688378865084,0,34.926243331017176,Sintético
BG-0093,4.725330092453448,-74.19539885373051,13929.155259080902,57.28399134826838,112823.13959077638,26646.848119406648,64261.4611915903,1313.7182177955528,1,168.3058614661607,28,28.034732168876296,43.94335573424342,24.228199737808822,0,34.99622931304691,Sintético
BG-0094,4.581630465884845,-74.0586563086063,21757.058876106577,49.73349335587485,60465.75970977654,12687.385685599042,40855.67747855583,274.94800610624895,4,147.6006183037014,73,25.236924063912348,34.87998863474856,9.165738748191748,0,26.69187011708264,Sintético
BG-0095,4.490984170302392,-74.03277396996246,24869.78524417332,52.6571819166002,25000,28291.79063185053,64792.64468006912,1096.3105622060634,2,172.61881389119696,16,19.469533424679007,38.63241476578552,44.70851950084711,0,52.6713090375033,Sintético
BG-0096,4.539090344830804,-74.10181522386185,12557.04841198621,52.576371663100815,38155.93115050915,8844.745786706984,38696.030883469466,21.92154907538477,5,176.83140853503437,58,17.66315507401053,58.6528234918661,12.572179415118073,0,33.95679862253782,Sintético
BG-0097,4.660369624506321,-73.99077485100099,23044.598430265643,10.765387387623935,75484.22620839596,12655.68124465559,105585.7987620487,204.77449046635738,4,318.3996844004087,22,14.590169354734078,16.721978388997133,2.4363990203691452,0,27.876083185145948,Sintético
BG-0098,4.515335115119048,-74.09631653077444,12339.483368318684,85.83945071999976,51928.63454740022,5703.885937226015,56028.104510306395,359.3425057367816,1,142.47415300233908,25,19.502993036594315,40.65574818816394,5.251847474828153,0,22.500407370919756,Sintético
BG-0099,4.641155810305104,-74.09730241432362,19890.931918224123,61.24055075449131,138886.44379249023,13808.53806965709,55674.82806537162,340.13185116769927,4,222.5614850660898,21,29.32596235425525,9.204533504817627,73.28140110263989,0,45.64911226680187,Sintético
BG-0100,4.502903337517633,-74.19741344768251,15581.847579142332,36.578565103333496,150804.91543525454,12586.528508985592,60684.18837835212,153.22264996448297,4,138.4071201841962,25,6.957810922011153,55.532773427264736,23.33973376132007,0,28.236102464963757,Sintético
BG-0101,4.771962642826072,-74.18779961619528,12554.504085499777,50.15538544137716,125722.32174264386,18167.972920291297,160000,268.31947427939156,7,113.39128500021354,50,17.027819556304323,32.54630266080552,8.953105546460787,0,38.41145357500366,Sintético
BG-0102,4.704200524364013,-73.99742082123737,15971.8736327466,47.82705219518999,53889.868537625756,10106.8429747281,41509.64934020078,266.3907955877891,3,208.60162221627542,68,15.126567107254067,16.614404598862134,17.536737473889843,0,23.68312648881889,Sintético
BG-0103,4.64553293130922,-74.10911467936597,11630.829820337374,66.37405044864653,45528.85849137454,13565.820960263005,22002.37489508799,109.96215212365581,8,159.0670063467676,14,5.270796131190711,22.333840862394418,7.7647589949014755,1,25.513229928527004,Sintético
BG-0104,4.7246460818313905,-74.0677986355953,16040.563374069105,30.169844454397026,29098.648951160692,11414.349849084685,40160.06831843049,253.7498643345988,4,142.02905503145965,14,24.40604059891085,71.75346582241676,25.22700808401883,0,34.10411703989067,Sintético
BG-0105,4.761357404741705,-74.01369714084507,17671.429886981226,88.21296900821889,25000,27691.95429373765,58466.98848207472,568.0289053143758,7,85.54096699892273,28,5.29761689956012,56.802422006788234,11.324104106113678,0,36.95269981959238,Sintético
BG-0106,4.604318992108401,-74.1566210751376,12816.804912997828,51.073699422314846,63373.89497447535,12342.27566263928,68550.18909529329,559.0126032724436,9,222.39710088852866,46,10.441052205232708,69.2006099422157,8.118540422645626,0,24.040788690179035,Sintético
BG-0107,4.507213510476573,-74.21131627219442,5286.3082457629935,47.474512225678325,72623.5195000816,9988.445950149855,79136.4142716902,141.49020342421863,0,165.495516313882,12,29.221667992932638,68.1979832169689,11.749635303594816,0,43.862161882355466,Sintético
BG-0108,4.675468285393578,-74.15994527369546,14440.893646201861,12.183605473842276,74012.78437544245,25837.67517658947,48584.264645508345,259.3588960433747,4,90.48388614505356,39,26.145609144927427,64.69126457588692,22.734722055952652,0,32.28016326045147,Sintético
BG-0109,4.789375336055882,-74.10523015171636,19137.29824372495,31.019393755635466,89612.6301087564,20016.12189391941,54747.726677507526,18.136524544487163,3,161.06898312030214,93,21.58848949829773,9.071894002367225,19.590768249214285,0,39.99620438213766,Sintético
BG-0110,4.717403153152688,-74.11418376428932,16201.108885107304,48.14592835155352,39698.62618605245,10802.249648459907,60415.74006939557,191.34641242344063,3,207.73268808049733,13,29.37975970515088,26.279881315089128,14.442493706761411,0,35.489377338339665,Sintético
BG-0111,4.747013198475919,-74.1509921381047,10271.145090669183,82.62287028773436,57014.95271070121,15569.451795412184,41488.674461235336,345.1460889842475,10,108.70152322638549,41,23.487244630239317,59.645328245275955,47.71357496778649,0,30.440437423520386,Sintético
BG-0112,4.694632958830785,-74.08852335800903,17664.780409410156,44.59018042671452,36128.91065963817,11563.306019726024,87381.79837157577,189.52266177666232,4,146.9898751971303,4,17.916515680742812,42.94004382348391,30.73952279695468,0,38.09968524986492,Sintético
BG-0113,4.569233769850096,-74.18428689673996,10405.857408951859,57.53566504679127,90424.58202472389,16204.69272223221,54679.62441731507,133.56993786302465,3,206.8536369528435,36,20.34790536632213,25.15005060361958,28.64065162840897,1,26.827481978342995,Sintético
BG-0114,4.757229128314703,-74.02497230767199,13244.368778748163,60.720054639385815,48633.11189929518,14680.549145367866,43933.33820653152,74.86635997390178,6,140.80051195591616,25,19.386309393535743,14.601437767797295,11.766385161091446,0,36.239050070161944,Sintético
BG-0115,4.543848410464964,-74.21553905863318,22624.43675588633,50.03584801996174,75246.70509076474,8738.899627233986,40104.8434378101,156.8075657915593,7,155.8151650333143,20,9.876382367436877,58.871083313727965,26.58232829480425,0,38.747309421689216,Sintético
BG-0116,4.589841484084189,-74.07529222154993,28314.72610436112,47.422414519875275,46835.69630037182,20640.650544622542,26533.851000531067,135.70287286153493,1,235.55023435750354,36,9.7766320707854,71.9248373143873,44.959452826545316,0,54.4371512003518,Sintético
BG-0117,4.737277157888473,-74.03472916338508,13344.288031746248,84.08684234887679,58678.47953986553,12080.214244720517,28442.010867810724,86.75736166332776,2,122.89198311485197,7,9.171056068103818,76.78979853096703,39.35271555686366,0,43.46321291846628,Sintético
BG-0118,4.6674990544647335,-74.07900097425937,13221.669057946465,65.37943204247546,38295.73044240401,7283.724725548371,83405.94567692006,450.5400183847947,3,119.41536024088765,37,27.469257892641792,11.74173127853091,10.47189349987022,0,37.022323126838394,Sintético
BG-0119,4.6589052874098575,-74.16278450331758,14196.085004895587,87.84386002356912,48894.660014279754,21778.95083249647,26485.885805123122,83.55254852563289,3,100.28877963259745,26,13.75665332077912,45.16370298963038,20.24945792051674,0,39.38441953195693,Sintético
BG-0120,4.806961603714654,-74.1170750485304,9818.712592286889,66.87647253672606,73297.51599530257,18225.5350152953,100022.7913346121,70.59409453895687,0,95.85283518307858,35,10.252908945257532,58.947168225059976,23.20972113497527,1,47.955220666026094,Sintético
BG-0121,4.499013720999929,-74.04269265415586,10967.034301740536,41.21560403292715,52549.471296602795,5112.367097134846,24956.440701725583,293.1440290765269,1,217.04768703773735,26,20.398387251801534,46.93781673674718,40.109078116182125,0,35.89951847589859,Sintético
BG-0122,4.6458727739334735,-74.06998285903478,18890.22253870642,89.9021973563229,54689.50037667634,12651.321247715878,9705.45222662224,152.70478287478443,2,71.31827340307309,46,20.561927426310472,29.15910582399979,57.67087104838955,0,44.4866582785708,Sintético
BG-0123,4.748324088132524,-74.07786810142997,23665.875332883425,15.461529348323207,148847.9353539672,3789.4527562857597,63474.8325547927,110.41111430195892,2,86.06652653308848,13,33.239388871057955,44.49625006652168,13.967595879361141,0,33.40679905514823,Sintético
BG-0124,4.650425496800234,-74.03326464217706,8985.507226923612,96.35462133477742,49019.11146889443,38096.99065772342,18794.3417777046,202.27285105903226,4,116.57080170318133,20,8.003898642120626,71.68397365067862,19.1564802601259,0,40.37491692448374,Sintético
BG-0125,4.740247904273523,-74.01756966297502,11909.395414493638,23.739784353189737,27158.59291444738,7527.213042799167,74331.9383046753,397.61505495410404,2,114.81843485292043,45,22.74886299377239,32.49149717147938,21.591703397080995,1,26.59319599608942,Sintético
BG-0126,4.571751958899702,-74.1249998748959,15756.807914035755,87.09198276211141,43111.11897206941,5143.745379046688,42893.94089378699,157.6141501080557,4,181.32554420866782,83,18.793741285543522,35.46214082496754,18.017184852523023,0,19.263527879335015,Sintético
BG-0127,4.62363714203315,-74.0789791157739,22408.337123713245,34.807173307396724,37046.145597828654,15593.98194276586,58568.43930178228,523.7399899429067,1,118.35192931396146,99,6.784881193991048,30.45805566574974,12.256250437964056,0,32.929025441826724,Sintético
BG-0128,4.704240315804695,-74.18547936106258,18717.0374552079,75.2130160942513,53580.21281770725,7841.876072042201,29521.02192327556,409.2247035668003,2,271.4701301787743,1,9.507276424094583,17.43242889417565,48.0789152603415,1,39.007467684148104,Sintético
BG-0129,4.770301957659624,-74.06659079512237,18799.662171064618,40.03490357987914,86251.6264518173,27551.257309267283,48327.77885275673,363.3178008797802,2,140.90097092372304,25,8.453901667564498,30.684636895388422,4.824753443422701,0,35.416314328044,Sintético
BG-0130,4.714142454606478,-74.00520491479871,20762.8993808824,58.67652035337577,52594.17689567298,18477.857847675983,61977.84590652189,284.87228443998805,1,210.0141691670551,39,34.77762122143373,11.843223869411366,69.43183019033621,0,44.974519629538854,Sintético
BG-0131,4.726294858555744,-74.0783215311108,19677.894968528046,35.54617699559151,114416.7714790777,16336.305526033238,92506.08313943603,323.382414642289,2,146.98357945199265,49,14.349087058591577,4.933901672836531,26.044937783809612,0,36.854709440002466,Sintético
BG-0132,4.719790502575477,-74.14766513836932,21769.178557308995,57.14303499256089,43735.16201692959,7688.239433386093,76038.75137644948,1027.287513500801,3,159.27800759437434,13,18.871301308701486,83.39139450544228,21.64445880306844,0,40.48976594380062,Sintético
BG-0133,4.7135977924493115,-74.08331385641894,21481.003904909456,14.782242093880715,65319.508273035506,9772.249268998172,38440.647680053335,244.361319626025,1,122.59171741970731,38,10.453507992837196,64.2576627077319,33.762881904019345,0,34.465503985629915,Sintético
BG-0134,4.709668618866466,-74.1956368086619,21672.86395154365,30.665349344980232,89422.77096412954,12469.249839562359,69260.41369551505,466.74737590167337,4,225.14188731638782,11,11.897712013365695,10.68397350860203,27.817530164158484,0,37.77465478362389,Sintético
BG-0135,4.4902898049520275,-74.11067309673157,13058.378613137249,29.46353502061173,84106.18112896083,21209.360783313517,54081.67788061338,215.11868355208514,3,171.7801439124278,23,22.569477106598708,70.95533873773847,3.9518528050874955,0,40.25435452569674,Sintético
BG-0136,4.63738886766604,-74.09232982872084,17915.521780740528,16.814598018298124,59103.21248207074,7024.1930017940895,91598.25162909544,980.988545552146,1,168.47986327611352,35,21.184820731924912,28.708992527225874,54.5604476159559,0,25.838748157909123,Sintético
BG-0137,4.523368936999528,-74.15233752754067,12031.949514590378,8.711391130243246,30140.18939647636,14283.126818238157,43068.5994398003,201.8365685854621,4,157.84878887141318,23,1.7101964432835453,49.023039097304164,44.64267308376088,0,31.157468630417405,Sintético
BG-0138,4.633015560886286,-74.13827933697462,19280.82097439929,73.48552784158493,51448.259803220026,13671.295863901552,56812.97850155688,512.5603732436768,1,204.8594110125164,50,15.781083519072311,55.53737184027953,16.956387942518354,0,49.16117535570427,Sintético
BG-0139,4.729496946131548,-74.12316629535577,25519.86288729388,30.061297558476248,31487.232860324508,9203.6150313141,133585.69076615394,695.0732643219787,4,81.07222610179309,11,5.016480835985498,46.192293254670254,43.27667552564141,0,38.573805181185044,Sintético
BG-0140,4.532411101496137,-74.10593189661849,25412.769003945396,32.280775338448485,78924.86078216152,20958.839478562724,21770.0215396016,77.04591766181808,2,221.83269855810485,32,32.48334359783983,3.7045885172721693,2.1270146483034567,0,38.00252923225258,Sintético
BG-0141,4.792134285581875,-74.02257819516439,14414.010102769884,33.19737017547311,123471.62912213395,19239.251416516454,39776.45525422763,492.27411238931273,1,200.0924605149371,9,13.050911675012609,9.283430873380969,32.900390562566585,0,36.07320464489319,Sintético
BG-0142,4.716522235443066,-74.16173278005607,4563.094545402537,73.70026057971836,50884.91851811469,6464.454196848705,43069.27819620436,169.8680470916539,0,120.98805647672239,29,20.018016647678866,36.63294976089054,6.179979810412877,0,30.277426135171652,Sintético
BG-0143,4.530610453650164,-74.07272288806587,23513.147598856605,40.787439819563545,59115.05989147472,31805.400451269536,76912.34822486424,326.2596322701899,0,250.75335403448182,34,13.85460740964545,67.40193658930248,59.812712191418825,0,54.2042471778091,Sintético
BG-0144,4.544941074711203,-74.05994707592036,22339.9049722694,39.44416312955676,42426.34572305215,23995.41321482561,50818.85819210568,27.32693550216787,4,169.00511013011678,26,4.702827880907406,68.87909291762246,7.550220624722931,1,40.805211586211726,Sintético
BG-0145,4.718440915797557,-74.18997632128519,17281.32762479727,46.67779132148149,88057.95443206248,7514.068060488735,78554.81974701093,104.66216638585213,8,247.67606919309353,44,4.231322608648004,66.14768464561168,18.604590636256383,0,38.97157786637413,Sintético
BG-0146,4.493837624083058,-74.19700739434404,20611.978190219852,73.75622434707218,168717.21621843078,14783.52116072909,75448.69441854938,495.1042257452639,1,166.8934167894147,5,14.336500343169623,21.165751651477446,16.349350059570522,0,39.32112015484966,Sintético
BG-0147,4.704171233853377,-74.1564218856975,19713.882940895168,65.48794862706058,68683.63953628209,21048.81098775673,46823.28305329737,170.90139886808856,8,66.50338955702841,59,4.288054236488504,21.204549351948003,8.307948168595441,0,42.228282179378944,Sintético
BG-0148,4.782766206921593,-74.18666350744874,21651.116327297135,35.48742112847524,25000,5924.260833148737,85645.0985939485,257.6943497724933,1,294.05958082191484,60,31.565429826075658,33.190203333024826,9.434375936038636,0,36.609096332624205,Sintético
BG-0149,4.67701879021241,-74.01488079552858,14023.99824638672,88.70560814902096,55313.1715834123,29898.861450397613,32519.581503057485,343.37005007961426,0,126.50401268430645,8,6.515299911873663,3.0836167810112407,22.681523315685077,0,43.00390707365894,Sintético
BG-0150,4.772530101338653,-74.20373932385056,20168.73630598162,27.286226803147258,70220.5667227761,35783.55646539174,14720.409437810045,1220.645179660994,5,89.11896364780723,38,15.631233438907191,30.278904120428567,21.179091739719187,0,25.899429706370206,Sintético
BG-0151,4.733305682977298,-74.16814943795124,14032.879219731725,89.32633762341986,58544.11689548533,7987.801615753441,66028.15512188312,319.66896064487946,2,242.4252219221213,63,4.264312611039606,24.696957159605677,32.61063564029523,0,43.311557496657116,Sintético
BG-0152,4.524889305391369,-74.14025894324011,9479.986701712452,48.322448928350795,70782.03732887899,19379.13874408048,84205.43454433615,247.484613742739,2,237.93993146349302,17,3.4964749757344347,13.438021427629845,46.579631983386676,0,41.949096519656194,Sintético
BG-0153,4.523000994100438,-74.16010634463262,19174.804278866322,24.03409449059768,62115.594752104604,12230.508992186496,44642.5215232052,290.6323105062997,1,219.2843346688253,20,7.096240363123847,39.422563641031154,15.618168090412412,0,40.37049469899634,Sintético
BG-0154,4.6673263967017675,-74.14914109382255,8374.414730681581,84.71667879773139,65042.87723257672,4041.950686203239,47607.4774223036,467.62562100109284,1,107.80991284523289,37,7.911647245182621,49.9688225833102,13.77867718686265,0,35.28558731866694,Sintético
BG-0155,4.809922628888682,-74.12251859435753,18768.484944596334,75.68978776626633,74376.95310319167,14628.475303973333,45362.35545053232,340.83484525479,6,95.50822373390574,23,1.8132463696464145,53.39513379021251,37.875400718436474,0,37.64521431819567,Sintético
BG-0156,4.56321508891635,-74.19254842738893,13653.605630628148,20.425864645621242,128591.53900528276,16201.892987185423,22126.304846459592,301.7775832685738,4,101.29740499852527,20,8.543409154569055,16.362878839158356,4.848947244216546,0,37.35154005187715,Sintético
BG-0157,4.712888831436324,-74.15075336894068,13366.817032509562,26.678135136678975,58825.360269449404,8838.336329551812,28328.528858478796,954.9024433335048,4,167.38982335331673,33,11.841886558323557,15.336748338892475,36.26553151994296,0,11.360043355200311,Sintético
BG-0158,4.756955196859859,-74.16885769501623,18292.162941658786,65.67629359142906,118430.42876883213,6596.077327350256,73779.2030710577,18.24784534882656,1,165.04962805427422,10,2.8329891637071993,15.603524929312652,5.706724419262594,0,37.856973265661296,Sintético
BG-0159,4.513695932765748,-74.08702925402264,20123.145712427824,54.85201140805063,77123.1086970214,19258.97612418922,110285.04054234785,83.78423613266294,2,111.67437013781777,10,10.37762493333737,82.30259994214842,5.287617104963883,0,51.34398300534273,Sintético
BG-0160,4.630944995856263,-74.09259934504573,13920.299282359138,26.92434271347285,34807.588941052636,21534.102615561464,24389.443480095815,214.98399097070265,4,336.0057749189701,7,7.42981190608295,21.967543277914743,51.84867616943609,0,46.91843903187619,Sintético
BG-0161,4.61751082372485,-74.10855744236987,14895.295657415547,29.022754577360732,45141.573568083564,8791.749544750004,19732.667142538605,33.43333066277242,6,239.34995977537588,42,5.761275129428112,38.72770643425831,43.90651786780684,0,36.431459865805735,Sintético
BG-0162,4.583035154348598,-74.05760638313178,13709.185980427997,86.60795865325353,88679.12462741008,18752.351302464238,86056.33245019682,296.77513428371077,2,136.3844030393857,20,3.9188282821024325,7.525624754247468,19.80719247903912,0,43.52274427409414,Sintético
BG-0163,4.70034816046144,-74.08371771663772,18118.588538788066,88.2373333212742,48008.45464596483,18632.405360658635,34525.13708981477,500.0482182130337,4,140.69329508622798,34,6.483251612484907,51.11216828749647,12.182797549029443,0,40.3111004388086,Sintético
BG-0164,4.662183567976856,-74.15390822141627,33102.581760252964,59.14007268208501,93256.18761884043,10175.772123745563,63658.715155366546,150.91314985323146,8,170.18805271450367,24,21.515097327580317,47.845155120070444,21.805500619261416,0,51.94949807337918,Sintético
BG-0165,4.62746632484925,-74.08979321817218,12080.347717402095,71.01255889608406,45566.0794516065,12605.559202671033,15999.924883711037,95.59242964686922,3,193.32460892164804,37,7.9949979374807185,38.416132984573906,4.248790284581487,0,28.760239047416164,Sintético
BG-0166,4.769857145952873,-73.99832901517921,15461.278063287558,67.20212409739558,73234.17505721045,7679.516519358856,101916.00002679133,309.98341981376177,8,91.99062896866975,20,17.869578313296095,24.11245127227113,26.148090520915357,0,34.43310378861256,Sintético
BG-0167,4.779007403900124,-74.00449637298784,11124.433021486238,71.43066925212614,104350.9590348277,34116.829686736266,43479.32846010484,1010.3541069753369,2,119.34206073031545,14,35.64758957397221,70.5163848477855,27.663139136011733,0,47.90702055751848,Sintético
BG-0168,4.652153734732903,-74.13907304028571,8866.224896528245,59.31065684222424,77656.82323459146,14427.981914463413,38041.544776615854,36.040493850501285,1,227.797290783193,45,8.524376285107456,54.262221368617226,33.76982185976917,0,31.35480333768203,Sintético
BG-0169,4.693053301556114,-74.01142570048223,19911.376688080578,70.09168228793536,48861.372166544454,13692.435048033478,21905.146703337185,532.526076593357,3,154.01822297312145,10,5.3995969217392314,20.64590236873135,40.17116499693331,0,36.461961587087714,Sintético
BG-0170,4.5690118177239984,-74.07793354478683,20672.377617924336,73.21767520371587,99031.61611294291,23499.2200089885,33732.64442503465,42.054237388051384,0,115.54994558552627,16,12.661608461276902,53.55662246760312,6.540655237593292,0,45.25502452823679,Sintético
BG-0171,4.495015134905992,-74.1905895562111,23330.654896653396,78.19204812006608,86304.75427324124,11397.432259232788,92624.42976289881,159.23432201808808,1,196.14240382171658,6,10.578089996802259,29.889900105501567,72.3528912078829,0,47.59980168141321,Sintético
BG-0172,4.541422687797876,-74.18129214962956,12355.740526768695,57.327987435396,55832.2078019613,26426.305929031918,91618.01762090184,11.048156627424435,5,143.53806270954607,12,31.026475119911833,68.1792564078,37.71921975212445,0,47.541163912217066,Sintético
BG-0173,4.774275273648142,-74.19948668923439,18359.740526925896,54.683465398889254,33683.10436030642,15157.32058286862,37774.7695776551,485.1259677501846,1,257.91484148084004,29,16.932331084896514,63.75572251200221,2.732663059402631,0,38.41980880897748,Sintético
BG-0174,4.532723698291384,-74.10607588163559,12145.733406884541,67.53659470860912,61408.49737620766,14984.160841953397,64471.900240353614,352.98365437432955,2,80.84265095893115,10,8.696692617387985,35.38324718861822,20.263902365190653,0,31.27885024705206,Sintético
BG-0175,4.77634937024831,-74.19554394848814,15949.935341104077,30.93349396772773,69789.74151837363,20166.143930402846,41471.76593874047,470.5067740027275,5,127.70551740138467,3,22.4750943688219,27.00150410527722,6.154667143771403,0,29.596875218752455,Sintético
BG-0176,4.772330791449812,-74.08539795804168,18531.979779354708,5.602659642427996,166641.96635036878,19454.713414462647,36341.82738776873,280.7480610210933,3,185.23431891209088,65,25.45581225813885,11.105574719268004,28.883528443402685,0,32.732736226410566,Sintético
BG-0177,4.577923665694231,-74.17579370157476,14398.45437195207,47.93347246151786,129403.94095613956,8221.4056188796,69114.35374456257,1349.8682714361537,8,218.0123998819386,62,15.603805946566059,12.658779988460381,25.379826920938804,0,23.939047941302118,Sintético
BG-0178,4.486164402529504,-74.01739159539352,14596.082306253518,75.94331665840674,41052.32897342775,11265.55554200633,41073.707997906284,20.07634859898441,1,165.41401329322707,47,23.958061131281205,78.97155889622618,73.50046794635881,0,46.73265054484115,Sintético
BG-0179,4.652004849683143,-74.05151306435306,22591.28442921592,50.65306305525854,25000,13103.751858873089,18505.39882815504,195.6822800744492,6,198.06669908070094,53,9.934943794468229,22.503931126611707,1.1353232438988812,0,36.48516122944288,Sintético
BG-0180,4.500899231685032,-74.04538575143715,12516.16729586338,51.874127824644965,45995.0660404018,22371.5764688416,37347.980726931,570.151197565043,2,329.47310947483436,26,15.159544793211746,41.16951252463008,11.272228751430244,0,33.520813780410215,Sintético
BG-0181,4.576535472219212,-74.19865149939295,10519.013021989505,13.522849978451912,129815.61086149933,5935.982188937993,61569.11541310174,183.82928649865866,0,92.59926625964523,51,20.07479847998914,50.02041267091046,31.209328387000575,0,20.638541318886016,Sintético
BG-0182,4.602830961156378,-74.19746279870192,14169.432554186307,50.268301434901815,61338.646105777414,11396.007363797356,46007.38344590889,243.58373848486698,1,210.77013371418323,47,6.030497786815975,29.475783725458154,7.917118473526112,0,23.74498591974039,Sintético
BG-0183,4.680472243006508,-74.20881025928655,25084.770217640194,38.83215522230762,25000,14814.651299279905,56626.302845023194,968.2940850553072,7,213.4427289676484,55,16.0395899089844,21.605794404541804,10.633311609002662,0,24.965103259514475,Sintético
BG-0184,4.730210350113419,-74.07143919817834,21926.37385235574,45.54707649999224,30973.51881160586,9769.424141677759,57497.830189383356,22.815891186936124,4,158.0250727029331,10,24.624338713263445,76.95598225074922,1.891522177069291,0,35.45022263196602,Sintético
BG-0185,4.567440449677025,-74.19363173644729,19060.533068730074,64.7138329835562,54931.44779213228,20036.834845094072,10290.348118491373,25.318786029775886,2,146.78594926362751,22,4.189649735333812,42.58429335738904,4.116006784430221,0,41.82378698626746,Sintético
BG-0186,4.559471754958257,-74.01618414391366,14893.296031513582,60.6025891354408,46432.14664619562,6806.621800056196,29570.42847728893,1444.4883452584365,2,234.9705176250695,25,19.091484320659124,0.4875757758630423,14.951418729800912,0,35.88271548537732,Sintético
BG-0187,4.731322201502252,-74.0904912370735,14868.365936652914,27.7588295309833,52321.81808738878,22419.555591665714,34125.09195488466,586.7941158213465,3,155.11361761706303,3,13.004377129551385,41.18322487271545,46.75050191894114,0,37.91004260906043,Sintético
BG-0188,4.761338723931058,-74.13766787969357,20426.06947025696,55.8270575896048,35749.62262963958,7005.899234787473,37263.29182647209,531.3726640568241,1,138.14939314816053,14,13.659068172014749,77.4691608573467,3.430843327414053,0,44.151032490848735,Sintético
BG-0189,4.745965920934614,-74.17587414402541,9439.113807774022,77.29910952585021,33769.990863230225,20914.28023142775,14307.91006017859,1173.0363779129566,3,122.6626961710017,27,32.29541429711129,60.35386132934989,4.497497140289255,0,14.826477406032218,Sintético
BG-0190,4.585673991600924,-74.07602122199671,21381.695393155518,65.05809462495318,48244.09673169816,10829.771831790687,14667.997625730595,170.4561028288648,7,232.51223070135137,55,22.43093429611465,13.848900951964415,3.5178611416314705,0,35.97629741879954,Sintético
BG-0191,4.512582285477837,-74.04704842772666,17245.1211531349,58.02128651547833,89329.65285302266,12815.019843038292,20408.597013654107,379.806281393054,0,107.64376783555724,40,14.955193821200883,34.52526390331528,17.38867491665618,0,38.63426629909738,Sintético
BG-0192,4.710622127273412,-74.20681694139094,6635.675171767114,45.891227012023066,67180.94889938044,18933.090126677453,60664.43691406133,227.8416835656115,1,113.33813533758308,39,28.346775383477382,39.60363462217192,28.294612342240015,0,30.576009818947124,Sintético
BG-0193,4.781029958047566,-74.05466756500239,12963.158401646466,96.31166442025997,38573.40780188315,7651.331984326398,37403.4022137058,115.3463410095432,8,361.759167364208,11,11.61576773049952,43.533667058722216,9.923122848603048,0,48.39940300443789,Sintético
BG-0194,4.809250664551467,-74.0162581138129,17042.85845305667,84.05837478741705,103425.60415528601,17034.26343460835,48980.780661910416,163.10580682076403,2,212.1133370204106,17,4.375448300217699,29.60107397432145,5.835363814413889,0,47.33511131382973,Sintético
BG-0195,4.691182778733724,-74.12199646097596,11277.680274180793,76.58239925578857,33540.8034378142,13496.39813087948,84306.01409158233,302.0060686670335,5,108.96667928877284,20,34.06370782476098,64.89926246050462,15.864029857521928,0,40.19784366689988,Sintético
BG-0196,4.738794582661288,-74.18566533707785,13516.43099355058,66.97335677086839,122603.75618745082,15845.83279978665,37993.90760265598,87.38771217381955,7,110.7728715066463,33,13.029220166483194,21.559684402606276,53.61423769878514,0,35.443532293485546,Sintético
BG-0197,4.7935290247746245,-74.18465101491834,20951.324659310918,55.03232934389194,49942.824284071925,9671.977229984745,56920.01252216973,252.26561096226462,1,60.76366623946178,29,5.596622750912133,77.4224613945973,9.699472436189135,0,37.207473482252084,Sintético
BG-0198,4.66239402653471,-74.11000223725347,28264.25377358142,26.36951540970835,223200.49728693694,19202.29317759692,66622.22155097077,135.32066269995772,0,245.8486794993337,101,11.570545681335014,61.055447346381584,8.484340015075873,0,50.45797351881118,Sintético
BG-0199,4.542371068429183,-74.08921848884245,6652.965268275515,53.82710577778904,103856.5663415042,10349.396700125004,136937.9946513678,338.0171718874034,1,131.76513550146385,16,12.30443882407555,21.068969348100836,5.954596591967366,0,42.433753030161604,Sintético
BG-0200,4.758945074490519,-74.02644061738913,16975.133273730316,26.462641905235625,70387.32304875209,13474.106042843947,11607.760034009369,472.1076750058165,1,260.32155214781966,40,35.15052712067771,62.466082692898375,8.340651469218196,0,31.968758999085026,Sintético
BG-0201,4.779977259582617,-74.03670744201438,18026.59702324594,64.0832399022869,63519.92787156876,10114.88194272156,103664.73511020433,54.073900267388616,1,103.57482674837951,19,10.170127629033994,43.74980304318094,50.39528776727662,0,43.10590342597083,Sintético
BG-0202,4.769158111464454,-74.18056440459232,23306.257205145434,52.299173686230304,147344.7020660272,12590.501096919923,50293.877418421675,171.4131189073008,4,141.49434353008738,15,23.903912671146642,82.03761300652656,21.536758008697493,0,41.77808916620437,Sintético
BG-0203,4.6833455641277695,-74.0024484056081,16186.832813469762,27.40802605838996,89366.81060105388,10917.34090748945,95472.0931216887,459.3299401936111,2,213.28049743894945,23,20.776694096789853,35.577012078697564,64.10299147052298,0,33.17359072083523,Sintético
BG-0204,4.585897409735725,-74.05401503387516,16603.298021528597,43.433483465681135,26761.882663479533,6674.80833921685,44185.77875636862,77.12950286872125,3,218.12334405749465,66,1.0761389671354202,24.780771222972035,19.250136765554597,0,33.34774470276416,Sintético
BG-0205,4.639547883618946,-74.18441337517865,16809.50651994535,55.06992257029355,49421.8626970187,20917.112206641767,44948.071963987604,16.63231876033947,4,150.9153821852496,30,19.88957972326998,84.74850774200516,26.58753547193598,0,44.459340235099475,Sintético
BG-0206,4.634860061861949,-74.06335470859784,16309.807374460812,8.247418497593397,49469.17937597464,9683.560823413636,82496.93018927901,122.43744788829741,2,196.41093320607345,19,44.18716568775607,75.79681445741689,31.32615501518613,0,42.70841831734304,Sintético
BG-0207,4.702537205204634,-74.05140028574229,18909.756094863646,81.67731133042167,48767.06031192019,9607.25253452245,27850.702705235395,597.9296060295836,2,146.08205597328148,39,8.429944293806654,29.32366101072912,49.577848037131,1,40.77682213319061,Sintético
BG-0208,4.685014856434057,-73.99301372623985,17360.49120553212,57.23280328488147,73499.10152729035,5826.986719306037,39254.30569102696,44.334193938967196,3,215.0431545009945,11,25.91928622545371,52.23883508672109,10.715144761037878,0,25.97411989416385,Sintético
BG-0209,4.686299425547886,-74.12796200610684,14871.723317077336,18.73097504855306,77352.26990905775,9832.271398083145,53120.74376433558,356.32012023347613,1,127.47690946499901,33,13.061172582577557,14.676404315916933,3.531175877650096,0,22.246668316706163,Sintético
BG-0210,4.786900496411223,-74.04374897051989,17242.796872220362,78.02691875372211,65980.67998837207,7021.249972990779,88884.32778533209,1127.707074705903,7,192.82411178631483,48,12.20612780149683,25.8681196555745,78.51216358733272,0,39.25175051522799,Sintético
BG-0211,4.8131488293711655,-74.1464821125016,11312.865031888807,65.57798876263725,50259.722543126554,15826.601210875842,104902.35924517982,762.4407551831534,3,183.00059375849318,42,27.42688662075838,10.21270221528706,30.587448055173518,0,41.549005744171836,Sintético
BG-0212,4.497872543438328,-74.02095066399508,19093.45275228282,39.54942470793727,40551.06111604033,14210.752950635511,35763.57810848364,500.62581445654206,1,143.46912028536985,53,23.994062004594795,12.587860304665178,5.022062833822359,1,33.83235607288017,Sintético
BG-0213,4.726825554006458,-74.08759311770314,9736.217163934156,36.64049882952665,79616.4920584498,14503.748409429762,32546.34083146895,281.67461720843863,5,194.98739329733434,45,13.817730282445037,29.514458765633456,3.5830316103358926,1,10.81770413712618,Sintético
BG-0214,4.674813848999879,-74.08829496994402,15222.624039488073,57.54188139644313,69542.62373627572,16511.96299151532,58121.684790622,525.3723991865146,6,182.48111753445352,33,8.964926150843008,77.0229130256149,23.652407439953794,0,46.20647812715062,Sintético
BG-0215,4.4800290918680625,-74.15086200512485,22439.193770471775,72.46665537986571,82087.07592367762,17801.078534646484,20019.391602448202,719.6633925644938,1,127.19029635047204,15,12.76714837068911,34.951297314421545,9.234252924896696,0,37.0473742495569,Sintético
BG-0216,4.729109465566247,-73.9910673681228,15384.048305071488,27.61890385680096,55645.514504328086,4265.447287866888,17612.209254383673,55.90141171162656,1,75.60708486763691,22,11.713461972910071,21.77989967356315,14.987390429039513,0,18.511601523801513,Sintético
BG-0217,4.7848338827215695,-74.18072809418187,21377.460179507278,40.91856299311214,58660.72492171989,2900.5699835179225,25487.97453689145,56.74051171450869,2,70.64349029862606,16,23.529865275909515,16.493635038250236,18.591850557010872,0,25.9026072634712,Sintético
BG-0218,4.728184030217026,-74.0026806018387,17409.151873025916,67.79864758622412,111235.36275930157,17022.001341594812,50111.38433462454,303.9246306409435,5,186.31838623557903,52,29.06313350544762,59.001337058975686,32.38595098090317,0,42.278429428803804,Sintético
BG-0219,4.6633006716464775,-74.04372480044293,19736.26999187942,29.604969342153154,43750.00426397348,15885.779233177538,50747.33977194487,184.6568705181667,4,136.57907610122692,21,15.900500849369715,27.419418002634956,14.489889063247343,0,36.041794632200975,Sintético
BG-0220,4.755924910393535,-74.19500015163753,7287.231936542623,37.56733566846033,85549.9247925038,9701.324146410583,43918.44289871276,572.1580000684908,1,198.13027934196847,25,31.91173643305594,49.94850427614621,39.310272020117395,0,30.548285906707207,Sintético
BG-0221,4.738705965026049,-74.16301812118253,20077.89744682848,18.98465147202322,25000,9911.021578157433,79892.98618112615,507.2745800963544,3,190.54234361089863,25,11.870652393773288,27.7565680856045,19.43855701975842,0,36.95943692753804,Sintético
BG-0222,4.588745900871874,-74.2090620293334,18145.72982611686,68.91700139961858,41023.738139518886,12291.888680348518,7271.66744240368,337.02682827843375,6,233.70124368775828,22,6.183688505017096,36.10529981202223,62.56871716644133,0,37.79360340902197,Sintético
BG-0223,4.7266192241104505,-73.99238173853585,18967.292288924196,18.001103753147447,104065.92353403402,23887.440570080864,16416.51128029285,228.06490732080945,0,206.59454029584631,6,22.644738916096284,37.46086814069905,21.797219684019844,0,44.756081447801144,Sintético
BG-0224,4.778912705747286,-74.03815121823591,8661.176007570532,72.38051710163651,62854.056675904816,5322.967614564609,12380.645503405,67.33963747702144,11,122.02083002109205,40,27.4322469847451,10.52919346458766,24.22816648178547,0,21.4054558829518,Sintético
BG-0225,4.760136807269337,-74.1695656936764,19665.949592134224,59.079551831541856,75422.06942263315,11509.007692857274,79613.16759060504,587.1401963959273,1,215.3758692118382,13,13.762977625502776,20.50366314448292,11.373713585391473,0,40.204916908503755,Sintético
BG-0226,4.685119795604857,-74.13308872015537,26151.35194394864,92.85325377666324,66150.2916939769,59771.24239583381,20788.842077967493,559.5678668708146,2,109.36161503906392,34,11.724409486624808,71.89377346865639,5.447410039318432,0,66.47298152418028,Sintético
BG-0227,4.7901367671509565,-74.21447979992527,13866.010078203497,34.03440948497325,41759.8495739567,7626.8618370282165,109516.31374769908,185.6776004392795,4,333.28461618688124,13,27.91135957001044,32.10001163092324,0.49276761126995466,0,40.276543831186714,Sintético
BG-0228,4.612803855328831,-74.05409100336375,17814.12249897039,54.15184988045161,40161.111419221554,12620.100002222554,67414.25300875439,224.42301871515463,7,243.40945970543166,16,15.75743687105678,34.177997332518416,30.911925723136868,1,34.20848590105421,Sintético
BG-0229,4.817927806147951,-74.21605443013198,4295.000184207229,22.830177948521353,49752.52401792118,32684.662006558472,96873.23953789313,116.64589458597932,1,208.66709625693986,4,10.620197869835796,89.81588891763522,43.84919086284004,0,41.26532235590052,Sintético
BG-0230,4.734356422270336,-74.05933029712575,14861.03014733305,34.51969667458737,60028.33479669041,30812.311380970998,89574.10869674025,339.270114691035,8,162.85172373325284,25,12.23686478075302,35.831755135051345,19.08572660113562,0,44.358238174299565,Sintético
BG-0231,4.753135348605384,-74.07127114498934,17347.76137168147,36.65456684464228,26032.362114129188,25787.192663661932,55533.22361122549,427.21817157359226,0,174.98153425101853,6,13.826907388081867,77.81148321520446,27.34288736692545,0,47.531554326696956,Sintético
BG-0232,4.531522855699116,-74.11348556870138,18228.22202602275,45.88860433026778,76677.83528436869,24406.78568236786,101166.65749338092,175.41809220937358,7,137.6867221715444,25,33.545448334102595,8.59260080300248,24.598253958513496,0,39.56058660984949,Sintético
BG-0233,4.510337942124796,-74.17878716190569,17051.972520533487,76.37442642996301,63275.20405308654,33260.62489353794,86465.38217429369,1046.053783776938,1,265.04069833285433,22,9.81903725967641,33.81560618825634,18.470907079777305,0,48.15749830478095,Sintético
BG-0234,4.511791060854785,-74.11284815290755,9520.135576144967,38.47623575361024,42377.98921269775,12575.53344707501,50601.50196745375,508.8880596364277,3,156.95477636338796,20,20.84209823193681,13.214403713584707,14.550496039250554,0,16.16424727080328,Sintético
BG-0235,4.707679095891454,-74.16032713806378,17610.291132811104,47.9949613796989,25244.979388062933,13398.946954730327,43527.53927505788,4.192085235574163,7,79.59322276301536,38,29.093359356885454,34.42098134434622,36.63804549113231,0,29.54882180836292,Sintético
BG-0236,4.5131316585272945,-74.16971676244205,21882.064676390874,63.779203857184704,63588.10057558337,34207.198792171796,63431.71051652624,255.69659179048506,3,170.68728074048684,13,7.197444642645952,67.11419675949617,19.585312960294242,0,54.5802063733211,Sintético
BG-0237,4.51529609345255,-74.07058634516761,12513.010200085753,57.55603124366338,36022.53637800719,14885.329690506092,48276.09188915584,201.50717262375713,1,92.52350778128667,66,16.3427282364227,14.289227039446617,13.03324351711654,0,25.637301180749525,Sintético
BG-0238,4.607297951771779,-74.03215738736569,19498.380237217487,37.45995404808636,103886.18252997026,8158.784725552134,120666.78586401216,80.14367628911748,3,242.9816383854744,39,36.17910101174795,9.858495647546732,2.292546522432369,0,33.65328434047285,Sintético
BG-0239,4.634260129002612,-74.07475458779301,14081.164296951336,38.326514556501415,110481.18895005052,11645.423031965509,61606.65920158261,427.2153942524544,4,154.99257561515637,9,10.450672156136934,65.90104468306389,5.202625211641812,0,35.42802850558436,Sintético
BG-0240,4.754906678756887,-74.17864451975589,19756.055038445487,90.88812239878273,72697.47542214963,8935.895834326968,100194.80461761497,89.98075020931495,3,112.187114206096,15,18.43131425279815,25.81431513514525,29.875538741015895,0,47.730206436862254,Sintético
BG-0241,4.575568139754506,-74.12965003733585,8828.385048485135,29.950417644151635,76238.45521041496,15086.337113821048,42430.01107335477,420.6603046276742,0,61.70855387450742,35,33.596479934997504,23.511272270194304,9.969046503387288,0,17.41122001762432,Sintético
BG-0242,4.611100900295592,-74.08158556044995,14111.906893816398,18.602009574461498,46733.7680952522,12586.470523518707,29051.090025506997,681.7261745343768,3,148.25991856788957,13,16.57262266772252,46.83533142969554,6.4534117066986045,0,22.73888238395984,Sintético
BG-0243,4.725906247663047,-74.15682508436625,16621.992753965922,50.8688392672525,79068.19992468756,32235.711328765705,22306.24235536323,196.66705459128082,4,87.57567021538684,45,3.695507560578862,44.91239134776433,3.615743337941528,0,31.945260715923705,Sintético
BG-0244,4.537915134239584,-74.18831443507824,13879.933493906059,48.186962469630416,53050.87192165894,7978.369404491143,57579.17109395875,454.67054834404775,6,120.83494740112342,8,37.27443969853997,34.339563283790355,9.800357179800931,0,28.084371695606592,Sintético
BG-0245,4.586020646101939,-74.11557494796278,19995.790602582238,60.986657378232856,25000,21171.79872110454,89612.14814749855,573.9693427414901,2,106.32400116518585,42,18.637002315482444,16.37862031614381,10.606484875906176,0,45.33629996710503,Sintético
BG-0246,4.579962004157997,-74.12738081626125,11196.891460638828,43.3140117787439,49353.73649495961,7353.822681742421,61005.13596446718,528.4268282514353,2,217.7995463774222,17,32.001860086121795,39.0015322361765,23.450256343816246,0,27.019400112841844,Sintético
BG-0247,4.484329841483017,-74.1108418411134,14861.797393823203,31.493303097994783,67877.59212860616,11035.387783159964,81048.29893916979,351.8061731394862,3,97.7224667905424,19,15.206955416255747,2.450653268253051,27.1309070423679,0,30.811701680646273,Sintético
BG-0248,4.713166613553204,-74.05251042517159,30800.000740519878,89.45490139906686,27945.575697024484,25162.13581514136,109109.02585862414,427.6188276482397,5,153.22340619623145,31,24.585612351747546,9.711579971097201,27.007239785977927,0,60.02563624414862,Sintético
BG-0249,4.713079077974145,-74.1127469813331,24456.19581263746,71.52322505928149,36524.42051479188,19370.470613140515,37458.78419023352,236.327886667709,2,124.29961552736368,42,9.311833085338364,43.21941833538689,14.66532283130015,0,55.080480802117904,Sintético
BG-0250,4.808748317118104,-74.19742809977086,16188.254477393428,34.10309409604444,72442.87052876271,9936.773730920519,55733.57857547249,150.44132004025886,1,189.09238583138875,22,15.454479172617674,39.38351664650272,1.255638593884833,0,37.71602135938524,Sintético
BG-0251,4.5624995228447744,-74.10219243700939,21037.018927764457,41.74686172363979,57961.02515657083,5721.687390972915,63515.33577024529,170.38993241749498,1,159.05804034732117,7,36.69181165421263,16.24636982032043,44.398261819679476,0,41.579527060670586,Sintético
BG-0252,4.482193272217436,-74.10846031685588,15521.779880185604,48.756250607920634,95018.47902698195,5761.670379806187,44642.160343706106,1703.8698528786838,8,171.53418363092828,44,17.64946723098615,77.03397368233479,34.58065383187698,0,18.785154826474137,Sintético
BG-0253,4.647607806361433,-74.0664290783309,10264.6511383598,32.53263989707124,55490.818051241564,21057.434565269785,60976.581744385854,18.298229963262493,12,156.58035130365343,18,12.370885343835202,79.04616303789295,20.506272673848866,0,37.31320422532855,Sintético
BG-0254,4.57463564907675,-74.04460025503157,14801.061581942764,38.77675665908458,61239.86150625288,12724.6019456785,40554.67208211194,403.603759165436,3,85.21032793708343,54,34.64299017780853,11.59668964714362,7.822627063114061,0,27.709616196232083,Sintético
BG-0255,4.739539662951749,-74.08049734074474,22860.805662225433,52.16946879136884,64290.84969034592,11146.8305412619,35991.91798052421,94.34694844965067,1,246.3555824235616,35,15.670618574162777,27.71297913276825,4.016854242483801,0,30.905057537525487,Sintético
BG-0256,4.763016989011627,-74.08881488404913,11721.016777453533,81.5847856098269,54737.454543897584,6351.626268617812,76565.32262732544,148.74101130020085,1,183.00592098731738,15,44.607247701176696,65.40573072221908,7.171707939083818,0,42.93217688133858,Sintético
BG-0257,4.569438044444464,-74.21310505317581,14375.588651844271,70.70308726410605,168694.86419123042,10767.878865429473,106605.12546247957,985.650283962984,5,62.56996762889615,38,22.44804686948527,5.127538305373056,32.989486858175646,0,33.39423294847609,Sintético
BG-0258,4.661623192777986,-74.02213227154866,12970.816573706506,40.29490334949207,54466.40220732366,8399.880161581163,93503.97285543205,1699.963031822136,2,150.955574944,15,4.777391018837777,83.64563305205581,18.484530259800263,0,20.748777765322586,Sintético
BG-0259,4.563043077136205,-74.15274507403497,11835.886880000962,45.148932405251415,58995.46765076695,13449.105136213855,30927.359171334225,524.4706233374053,2,167.62089193079797,46,2.7014566085830984,43.73946734801314,17.11115494228756,0,24.016970995809693,Sintético
BG-0260,4.52826681891229,-73.99508076880817,14097.367315853335,52.24090808215125,45327.21765868478,11736.490406981482,51273.10105028266,834.1693113108112,2,110.02623771576492,25,13.085878977949266,20.265431257210246,39.97890562177412,0,21.286980845227113,Sintético
BG-0261,4.6275858434613975,-74.12166368648408,15396.326420764617,27.028880783476733,158110.98922368846,18763.715601617198,53034.71677524916,74.50479484976674,2,48.72794348300876,16,10.422906097200725,32.084139350322886,8.438930589440117,0,22.594358496152537,Sintético
BG-0262,4.637326251312127,-74.1188208657351,3283.318362230042,70.67611504336449,95626.84620112625,19904.961713536304,15950.548666415181,83.2489698237954,7,189.56550682473167,38,21.115801402402063,64.27232293202357,46.27137536812689,0,34.83990293999467,Sintético
BG-0263,4.653752075927951,-74.16549489641987,14203.240276488117,65.30981033142007,39769.73692131111,27604.674091182293,44901.058430518155,443.3058811189927,3,187.60689513914448,5,19.63496001871898,45.5865939281467,64.21239501123945,0,50.248156755669065,Sintético
BG-0264,4.6511886015479,-74.08787897314895,11335.480318019621,65.39258425752722,57244.13812069385,15360.333984214394,83365.06645502843,145.66313663172653,2,229.44419339438528,27,4.195373976996271,29.408036742080096,36.690519906598034,0,40.947482590769425,Sintético
BG-0265,4.761106532033483,-74.19118531046126,7749.235118552848,74.03100727152201,47109.33540079374,6725.636161188495,125375.325342593,360.38080608362304,5,306.2964046554273,17,8.577422489379595,23.56881561012925,22.719092869445078,0,38.85413366049561,Sintético
BG-0266,4.619017406511925,-74.1165566456291,18683.02882821478,73.05424601147138,67145.36024668845,21207.718189432602,47107.70167416441,298.46609631198106,4,85.311230152936,21,17.10243929635316,60.30384844357317,40.034872136111154,0,40.174645326585114,Sintético
BG-0267,4.629231693119074,-74.01636969246756,13717.622135470778,15.487873807276447,129503.27973488823,10022.027620154186,57049.54950567571,553.1828422218027,3,126.35515762377705,47,19.014190329663734,34.02206713697158,41.12411366293233,0,33.6287752029811,Sintético
BG-0268,4.65436699843785,-74.04127951870083,15287.952582005388,35.52454578538972,71836.06387646755,8758.22316142008,71302.93206907347,139.4909287746622,1,382.1318396560233,7,9.304682559093335,25.391412383983425,42.7946023407127,0,38.35715420552134,Sintético
BG-0269,4.644920383145478,-74.03674837935785,12690.789469263913,79.19120751936617,78917.59565909539,21675.024407838406,49015.11039294424,161.30305097333064,1,208.91485872272654,28,21.192758464522633,25.96509115837619,16.241737741939435,0,46.61325062350067,Sintético
BG-0270,4.571227859445452,-74.05251702509553,11360.379230821283,40.12304016253245,32686.347840000362,12847.767633877813,8794.606118439262,538.0020412725988,5,229.14716419643037,41,19.133419552765282,67.43849619623141,45.81772623350411,0,35.49348845338435,Sintético
BG-0271,4.582498588027382,-74.16709879498737,17050.137479218825,25.616605330276528,49314.08643495478,6460.643906215465,74325.24567290068,225.45316742776376,0,183.7539724261384,51,10.132545491589815,49.67818975058637,13.123283467948168,0,28.713838826657522,Sintético
BG-0272,4.808741352097336,-74.09097086046584,5211.422449051284,92.99417832107376,52528.25299369897,18029.47970483769,31227.3997283733,1552.5436344337095,2,139.3263911856629,40,39.880936132974504,19.316649099563026,52.15356222401915,0,27.288937801559932,Sintético
BG-0273,4.585894685475333,-74.14229024945278,19177.476921507343,96.47823938359363,156216.30034510922,18002.210024134132,63699.60933100476,163.11498802086103,6,273.551573467942,8,18.031235712107843,69.68509091830012,8.674253192672644,0,58.07377016026745,Sintético
BG-0274,4.615797923826784,-74.15174726466056,12510.823903632838,62.988379394354745,33507.28960111775,10052.910533692531,69413.00780447696,307.72471501589655,2,352.867774975958,49,7.0536895875428,13.829814431920944,44.75748025782574,0,41.637568420309535,Sintético
BG-0275,4.53319402726518,-74.13939585762948,13031.757842118808,73.37339351911629,118640.69842008543,12322.468050209465,44548.964342823514,123.49458247067709,4,79.48658710588367,50,6.626735046329971,42.508610221291136,6.885323051614106,0,30.70976142207087,Sintético
BG-0276,4.537153792090029,-74.03982606930046,18770.593894736467,44.42819812446381,29496.209727458892,15329.071680193907,39022.72035003792,291.4370224053966,1,140.6193366317333,28,9.94207729048014,44.236642908981565,19.007458157686678,0,35.97830241924022,Sintético
BG-0277,4.598381366286608,-74.21418202244332,12628.763080250768,78.5427537002146,53609.082517885225,15385.385713711707,4652.214589566627,156.08462994210913,1,119.02060892610804,37,22.206897045032555,11.339084307087386,13.125893179283416,0,35.66413867994198,Sintético
BG-0278,4.4929858218553775,-74.21336749687067,18860.962436374593,85.78989584011497,67049.45591791568,7244.06825249423,125518.37032830337,90.67709199779993,9,130.11253398119257,71,4.008239494408357,16.928287184894764,18.01229330731967,1,38.4550685767217,Sintético
BG-0279,4.573079467345702,-74.13934250111078,12837.346096827954,66.67544443333723,33072.771575753046,27640.491136050197,42471.18597457954,35.60271413921083,6,260.76633161436956,6,9.540675376949048,32.60349723141934,38.9845866476127,0,51.5601940294927,Sintético
BG-0280,4.698220809681971,-74.11657517671,9825.841390771828,22.71094600924241,28282.0383024087,13227.249568427122,78202.78437331402,97.64825494858512,5,256.7539149838889,8,8.089656823848474,19.33856106880748,23.79382679061133,0,24.603552105374323,Sintético
BG-0281,4.482685422703439,-74.12307621457157,12687.16500492761,38.423459197322224,92890.26584773812,18861.51488824173,44264.49931764118,754.4663488667944,2,133.81628166997146,19,35.176224299485696,1.9274876462009114,6.620581259010429,0,31.93400037098455,Sintético
BG-0282,4.806370521622092,-73.99682522057897,13275.904406983962,87.11514136206291,50674.82989457325,10780.67471774122,19058.733125957137,117.88699347673477,5,140.09220918908207,21,12.902318379523281,80.58457556405935,3.1534348346474985,0,45.4278720488559,Sintético
BG-0283,4.624361429534549,-74.12941441712643,21919.714496719338,80.92409683226981,83096.5527804144,13071.39378716212,60209.06224529527,585.0831012460094,1,111.09044910369461,21,16.025983203657592,7.613113080604118,38.54722851712828,0,43.96616271962087,Sintético
BG-0284,4.514477732799913,-74.02163270962961,16769.267334944376,51.65510019630457,45844.998374869574,14451.64396436218,37246.70882107044,125.69808219572653,5,243.53239892316006,22,13.709416185384597,50.04624240215778,6.89368220420628,1,37.21205937535154,Sintético
BG-0285,4.575782744836413,-74.19204316750455,11536.75405902637,86.73391933573284,25077.254673934076,17924.468055172627,41193.02975413959,7.4231920539163445,2,181.75457588116598,5,17.387647033391808,57.574951662794746,25.300085200501705,0,46.034325192842594,Sintético
BG-0286,4.658009974162901,-74.11456349909791,20953.02842679281,25.97208248084655,83552.55571486172,4030.4770189924734,33781.07655961253,444.4142643522081,11,150.40876811549128,14,7.360280391216562,38.918064521257904,19.275452686373765,0,24.900572760655308,Sintético
BG-0287,4.618442149239975,-74.21569464176989,14146.062758682983,52.18368104010077,33901.44402148708,30345.34573775792,62223.88935989649,167.4189867701946,2,135.28109699899312,27,6.865984013782228,5.6827337174623995,12.125226390287539,0,41.41713314997912,Sintético
BG-0288,4.709330465934495,-74.21320014934348,14277.236034645324,47.24711316094542,103786.806027643,7228.623962322983,136467.79383608053,355.1957505096492,1,233.2001201992237,24,23.612488187957574,14.041322527346981,15.521930691712637,0,37.99785773990948,Sintético
BG-0289,4.760887068318927,-74.11662513713462,19387.436973524906,52.93016552120869,46185.113258252095,20759.017544264898,23945.476398798914,406.297204998953,6,131.5932436848015,34,3.5368582136550115,27.938189678024507,3.082778519030602,0,31.069230598738024,Sintético
BG-0290,4.5796138513239955,-74.01427749866914,18043.205449933383,69.11282891525671,36712.82835283988,4648.884665346557,88072.25584655516,2200,3,212.21169963328032,57,17.71852398338078,14.405010760150116,17.01274971812597,0,29.92075155169141,Sintético
BG-0291,4.522179327869653,-74.18642373990397,15738.029647671763,43.744852277856545,79925.11179758192,7233.173574630535,17199.403576257697,963.7195719515832,3,120.14894942607086,26,21.439200410266018,26.088358165229074,14.468003575953045,0,29.659316166447788,Sintético
BG-0292,4.580259069595561,-74.0489413717747,15509.877021484896,61.962960898018295,65369.250626259905,24058.553768191694,146079.17698224512,218.65806150092376,4,134.9097192592629,22,15.53170931184918,36.04770441210721,53.57588757182473,0,48.98677546421099,Sintético
BG-0293,4.788142689348372,-74.0268052587536,21645.148546455683,73.55839399808926,54887.5329536444,12844.052049770671,55656.295617113865,321.3792572021878,6,175.5916048932759,17,28.473260608919045,30.585016202336618,12.94575431845614,0,33.965456156129704,Sintético
BG-0294,4.677631948756248,-74.1132176026508,7674.870527503346,64.70992763474104,40105.887796760566,17914.107348729405,50670.699325594825,353.81280763363554,4,89.26410953359091,63,25.912060692494503,49.27884512835381,14.904328350190172,0,26.899226617780535,Sintético
BG-0295,4.639972151879728,-74.18247989914475,21568.25979213223,47.27024343266852,62096.73047390604,27034.122152986136,30361.14731548904,292.6194056943366,2,86.97594551015216,37,4.812021897822298,9.997650528340952,13.350470451037266,0,38.97693021187024,Sintético
BG-0296,4.529295419336252,-74.1432439021234,11275.170528983617,58.138156486393214,84094.66226099516,28736.451792179,74835.96291884691,8.262177795549484,5,212.42166447244665,22,24.227528891418086,23.253101022415258,48.16776108933738,0,51.7340271647707,Sintético
BG-0297,4.789021697939979,-74.10798048982423,15162.58597123787,39.86864368234505,25000,7653.142788240571,72981.12243232489,164.79519298817084,7,98.88284710987833,19,4.423376083856422,31.919254956170334,54.97251799541151,0,36.935186993426704,Sintético
BG-0298,4.631585726395793,-74.01654539980436,18850.269848346263,41.89001887277149,28327.582438972033,14658.635987836618,50606.124342391864,20.673615865772753,3,164.8175982122409,26,11.656574041719171,31.461183933439525,18.634721711519045,0,42.25798726237547,Sintético
BG-0299,4.633438119757034,-74.01747566499783,15976.330221224973,32.34855758290504,136888.9470716762,15158.225176249296,57330.70828412637,2.677176154142879,1,119.94213215999766,43,10.965478146652446,18.89679686894811,21.85317974923267,0,25.06566732687675,Sintético
BG-0300,4.591336756318727,-74.14747266267577,16943.75319295553,58.07603274943738,42675.66985338491,8387.624061305612,47184.3024340571,754.620378303579,2,221.08951522465196,23,15.344637348181005,25.94603851113668,5.430478622358501,0,35.693277059689585,Sintético
BG-0301,4.544933588888581,-73.99341501615284,18011.62094740005,43.35850596546072,88484.62522269125,15199.15247609252,37079.29114069946,2200,1,142.7606241404011,41,6.031403563184536,9.592912659560946,38.55082739756466,0,15.458091145680092,Sintético
BG-0302,4.798339139493733,-73.99798095662283,16021.613310009025,65.03847529992555,59711.53085009717,20388.210982139597,34415.950255667274,162.64133679406237,7,282.7742821826326,6,19.90821144762804,12.312342196424858,37.848347127429655,0,32.47056702579515,Sintético
BG-0303,4.688627254570029,-74.05524748271576,7941.42673044169,71.58799756448119,31055.33625078369,7481.023666778237,28010.64367590124,452.3217524606371,2,198.93340762033276,35,13.001568679354548,8.042358759869908,17.459466803059374,0,27.29409952836853,Sintético
BG-0304,4.535040969661621,-74.14581755300838,11122.583858716689,26.64303282529451,57119.90215286513,20257.352834218906,21951.692918507775,137.56660048946313,7,133.70858644613523,17,13.431384771222728,58.35627626406365,51.75107455663286,0,26.49535122206514,Sintético
BG-0305,4.51778656855892,-74.09339310300409,13505.54488326193,50.11759753717091,83895.15832196955,3601.769103747553,40979.02082722233,385.8263741812343,1,167.27212191266236,22,19.279682683205966,33.11607687635157,14.696920743781314,0,37.93916334112468,Sintético
BG-0306,4.480120228271604,-74.16219427456767,12279.281446147968,29.138719555857506,25000,21091.399898941516,28740.983439399984,755.0556490344156,0,123.05077895416842,10,23.595394347456917,13.648099334994916,9.981366361077578,0,24.16141446634264,Sintético
BG-0307,4.812857606235482,-74.01058358218073,14249.15572064049,26.5704485340666,153446.86031978118,10518.456791513037,152304.36221285246,388.3384920752431,4,280.84718089904624,70,10.894714941376638,25.898890749771592,8.157809614335928,0,40.2057894074954,Sintético
BG-0308,4.706313685702953,-74.19608794562981,18076.442013510394,64.57323202342243,101895.8448825778,19633.74967356402,77881.94824741952,1293.8809615172263,4,228.1136987628305,43,10.585989166049663,55.261295352303286,30.760280375457157,0,32.42124335551695,Sintético
BG-0309,4.513593428130256,-74.00824597064559,19191.838324968514,54.18629463571464,25000,10167.459906973401,55193.10905540783,163.14173926512254,3,249.54381554979824,38,28.18828942933232,27.395349105458223,8.13357426543027,0,30.68529572718746,Sintético
BG-0310,4.589738324324901,-74.19435946141442,6591.191147322757,49.05535453392327,46222.15990258471,9915.899977151668,59184.09164038579,879.9112424924946,3,212.18505016159938,23,3.363810342563058,51.50381813958019,20.113311809569936,0,21.325424781177645,Sintético
BG-0311,4.648127595307822,-74.0283529680977,20380.20065826765,32.88638420442794,51687.23218325303,18633.447161917356,85083.53039830009,365.2468078349072,4,209.47530333273755,22,19.76699077833513,39.79837597675234,12.973024782660476,0,40.546315049881116,Sintético
BG-0312,4.699288426876125,-74.09256325007343,22292.979414547797,51.40255897836597,25000,9259.4951417179,56098.915201752134,24.892525708858187,2,98.0143550388171,7,14.517696217884922,13.837485583656392,9.930586733299982,0,36.39275828940711,Sintético
BG-0313,4.673751504059595,-74.01852719935157,19238.463614095537,50.16259608603668,52880.00650416307,17574.398228373164,71201.44193589287,120.15474607599467,4,104.75822863553421,41,6.593258518820929,34.69471716496732,39.50661650473978,0,38.43191156654895,Sintético
BG-0314,4.557057669605377,-73.99330371470107,13322.488397398858,95.19435507779811,53221.8501210162,4374.714822654822,56438.9712396309,823.8476661446853,4,112.45675009901528,82,11.417940969432443,15.515203912262754,18.023052119832254,0,23.35138276100297,Sintético
BG-0315,4.786078404738794,-74.10554025862793,2247.18843076717,84.50471388041929,30800.968181909248,13038.213863593697,32437.035192936866,714.6189617644817,1,137.34271374844488,31,10.505859254800633,46.68624013429599,23.31420254100132,0,17.535258032171978,Sintético
BG-0316,4.515468290666602,-74.09091181172919,13070.078258364436,67.71986507589205,98497.79921662825,19201.631509407995,54848.31262223085,430.1827680793449,6,68.25525746906497,13,1.8725465584010164,45.25145525278385,7.561170489640796,1,31.245364915619177,Sintético
BG-0317,4.56173171091275,-74.0328633180223,23833.85646708067,84.2948356820574,33151.29267690242,18704.06818743637,61502.272867295156,96.28817305632685,10,122.40968217199308,24,6.651437982505522,49.023963313848974,30.71445709126475,0,34.48318771709951,Sintético
BG-0318,4.786753827847575,-74.10763653475571,18382.94808533223,69.20141862730853,40675.40604279139,7578.353540261077,81569.79727106755,904.8455087753784,3,88.69409520198195,55,10.037917191959838,60.67998186928991,5.501266873918427,0,37.274883334098405,Sintético
BG-0319,4.548220761317994,-74.07184891087577,14174.528137284444,64.2810170909109,74413.26934783836,10996.525312921016,55932.59247941152,64.99144936490848,5,169.07055268095505,12,21.60790615660687,18.256660759316524,5.21461084588203,0,36.557974743888266,Sintético
BG-0320,4.700613293797966,-74.0105133647503,23406.946047774385,45.529760075553725,86201.48083602407,13188.087121749886,48301.965076960754,1057.8060131413192,1,137.65547366058115,40,3.57958587167122,65.75689194109052,21.394515649725115,0,32.551305324866036,Sintético
BG-0321,4.590843734787605,-74.12825689605909,15910.55571853566,58.51545433529244,82679.22919566314,26188.968185594138,63009.34917863165,100.87558052073575,1,194.84853999620015,69,26.557453193831403,16.549270069088244,24.424451543564913,0,39.26049066357129,Sintético
BG-0322,4.733630377884316,-74.09042627888228,19439.863425895423,35.62734881149582,113375.40164573869,8736.81514799756,84028.44219096062,189.3744446290526,8,208.56320627716198,9,12.276462737834239,19.669256685889895,37.70134959100543,0,39.769412791750796,Sintético
BG-0323,4.60952270866004,-74.13274495654045,17000.338014127872,81.10114625190285,93964.88754904528,6278.994453641473,37035.55869298755,210.10139681084001,1,238.61167787365082,48,7.6243875452082674,18.775809673666252,48.51029034834965,0,40.29647423874434,Sintético
BG-0324,4.6326365631721345,-74.12042157540002,24880.314067840074,89.85439597031987,85925.60185569187,3799.6743347535485,95023.84865424117,200.78650749455687,0,206.63684780642066,62,30.630627854586617,53.21224035267501,6.1959487835411675,1,52.424558314440226,Sintético
BG-0325,4.755656728027007,-74.03456786956433,18099.57727721162,29.13354966090727,126374.42938995821,8881.426556106147,88784.66924015024,259.3920404764704,10,87.76262729884895,47,22.54563985972833,10.56973669593722,8.354183112965478,0,25.12789823948478,Sintético
BG-0326,4.70989417360139,-74.02104810790712,19582.029507084364,34.674164202740435,100663.68972115767,6527.634980888264,38606.21326525396,2026.8646989622762,1,181.00102146149754,30,10.829027654936018,60.40746184829779,13.96428386512643,0,22.89792172948078,Sintético
BG-0327,4.739907494675648,-74.05529476640697,25063.097367669925,18.941986881188804,38010.46359040152,31417.273572545044,72185.22016468884,275.01177124593056,3,129.59037040309792,13,3.2449863840169977,18.11771177238491,8.251843200591884,0,43.60062198696288,Sintético
BG-0328,4.705002504347438,-74.18026061181173,13734.124176261572,50.6755080522966,32612.092453802965,12273.575167684578,55350.99734117373,108.54189350473676,3,150.30640620093627,12,8.574825397517001,49.768089655995205,1.9489866503425743,0,33.351206110288885,Sintético
BG-0329,4.62585912680591,-74.1919751007274,19407.937304411418,69.03305225555022,42921.02268328725,10718.59645978302,37954.2979738815,1039.0057584125227,4,132.63836553130534,10,26.57229259719208,22.57696837512618,3.305523558490109,0,33.36503765723852,Sintético
BG-0330,4.507644607275278,-74.10708369019315,7750.625958952731,75.24494216194954,38106.88597273879,20646.052988136347,81831.47586303354,276.7163316551792,1,130.7294793095063,37,39.49293613994047,38.181138729042054,36.20528155022061,0,34.228075134964,Sintético
BG-0331,4.506761288533619,-74.11306391940688,18979.529629304012,55.65056397915401,39464.436018835164,11667.158263467847,48181.47305085368,74.68147972883756,1,92.39451367865674,33,10.6757599676913,55.664665936243416,2.0697405788143732,0,35.67998325813948,Sintético
BG-0332,4.498992122454525,-74.05502784696115,17777.131738935397,22.89775251294772,26008.912738112507,14701.310510239253,51057.71652442106,330.83512701195434,3,143.85402133398352,67,19.71487206793614,75.10304101897208,5.800643172709746,0,32.00403340559721,Sintético
BG-0333,4.737027446148339,-74.06583950936022,25291.93086260498,42.19110456586839,34937.266821165395,2603.43025374257,57872.18465735969,192.8022497643372,1,322.91672336463716,18,22.871638660819215,38.788437528674386,30.78642602735272,0,44.873839429626365,Sintético
BG-0334,4.4941644299904535,-74.03493376229295,16022.021534785461,23.970586646170283,196119.8822392184,29637.793330034558,14658.945306396137,413.20190483494304,4,118.76135987612653,19,7.693008040365111,57.87490462171905,25.413136190265273,0,22.96261707791322,Sintético
BG-0335,4.516468940531464,-74.21993773023696,18134.085015701916,6.379262035788854,36606.50679628019,21080.509818219965,72149.48432702504,195.93976048744352,2,126.79831922976068,10,23.94077921922954,81.95376587444284,24.324301014701717,0,38.96624957987653,Sintético
BG-0336,4.487670042209165,-74.09045694999145,23855.832879672336,45.224123092116734,54309.46425504452,38133.38129958886,110990.37072999096,878.0138526716763,6,109.43533378611096,43,5.068091475164808,3.4919251356137826,31.18117726039682,0,48.44537981891852,Sintético
BG-0337,4.510061439896648,-74.13552165467337,19303.406554021225,34.373776935147156,40792.86526645605,14572.303937306327,42296.09613447135,1724.1715878228624,5,200.85892336942354,16,12.24547541504165,35.17406839824452,40.38540716887044,0,20.192678804278465,Sintético
BG-0338,4.760393071440555,-74.1288394595772,21274.627475943224,69.89589841105948,116914.17106861222,16527.373690471442,83429.7808277062,196.2755036594255,2,223.68423164857205,40,23.54191613279607,33.78889419192086,6.824561975065298,1,38.77222765014768,Sintético
BG-0339,4.756928079165088,-74.2145937089344,19091.579362525445,71.21296695360647,109348.45663992983,13461.4189300422,67824.92535812472,149.9327830480337,2,149.54170127975968,28,8.851238934277218,5.770243770473435,43.42928534620499,0,42.516346838872984,Sintético
BG-0340,4.489291563847579,-74.21110553770187,5230.341840896106,82.02339689102817,52083.4083313156,10897.769923743232,11590.136767331267,155.73328729453,7,112.11037335657103,78,13.25876496668698,5.6871916737837545,10.399713323398634,0,19.971919932570618,Sintético
BG-0341,4.764707307712131,-74.17420169144202,15946.438351686029,93.07380368274268,40557.82728818698,15446.436291283217,96578.96426861963,44.96963325982037,1,151.23430352068797,31,21.23443840124685,70.91627165911139,9.118727919627787,1,52.31193088414177,Sintético
BG-0342,4.535078409532967,-74.08880325643001,13611.749084759263,46.40899298404448,46984.24388525257,8277.296329827244,6578.062965666121,25.98498251578204,5,41.63019263654201,11,39.35837032042956,41.55256761199243,41.935176262455954,0,20.11483051512497,Sintético
BG-0343,4.7728030612958685,-74.20436137609282,1179.5194168709695,41.922156999951575,52166.67673571728,11368.817722274189,46619.99432040671,859.0588251919427,5,142.94953250862284,80,4.044109527830957,66.19573978426425,14.94884414904617,0,14.119180352903735,Sintético
BG-0344,4.508846506025801,-74.01492039271652,21043.602754817202,49.75878681446675,95064.95373850146,17722.280975256082,37630.18735908266,1245.759772022145,3,282.14106269042344,46,18.37695502847875,15.703904481493714,42.08777549749418,0,40.17048336423058,Sintético
BG-0345,4.654596089552838,-74.14799812441193,25910.695348232166,68.79207568986824,61278.4284304608,11400.80866557581,64318.79956111754,614.1964508475883,7,203.92520873769345,32,35.976212991992796,16.05126537571069,16.294674771723123,0,33.820609120842356,Sintético
BG-0346,4.529755571980825,-74.08062373588552,16284.076384865135,73.91144598434691,65464.16702221605,18615.316888790458,14184.205261168927,234.40397384815444,3,91.28551390666576,22,4.881946560606406,37.42595079930017,21.50969731167594,0,49.279255840185876,Sintético
BG-0347,4.690226046482063,-74.08875806694554,15807.750586298238,73.57747525787244,82040.79091133717,20095.19261023699,19170.51123486883,566.508370392274,3,155.0608524214327,13,7.033729777196778,59.15210109856722,4.991227274742725,0,44.69173280390165,Sintético
BG-0348,4.689117993378908,-74.13256259415078,12497.465670066249,78.42150734245635,103964.11967635139,19786.119991330106,68356.53888451657,385.8445280109149,5,237.41362867732448,19,13.300412743345708,27.548213724288434,16.56963929342547,0,41.28541117873897,Sintético
BG-0349,4.510416707759375,-74.16136708199909,17167.515939279263,27.265662529964434,107166.36233848672,22947.94397310002,17815.972284946336,1129.1263293278926,3,129.26408776265632,15,2.3062174714617463,65.51728909001821,9.340244667109406,0,32.80621786079099,Sintético
BG-0350,4.531924326579597,-74.00560547595497,16518.85161080161,74.33861404496108,60095.564721506664,8324.16082357298,25525.29206636107,59.59751909443919,10,177.07937864774362,16,4.659333542649234,5.513456483158555,21.1850678251967,0,31.483514199554666,Sintético
BG-0351,4.800717016433799,-74.13859483822533,9975.61418681432,66.59358228499217,60166.1268778604,28699.64821396124,59331.97225148512,192.39236460236592,2,146.7143184880919,22,22.056178647530626,51.78823685147197,11.181662317354194,0,38.12271571412835,Sintético
BG-0352,4.780010368746486,-74.11344115979973,15042.437021405429,26.331951109880524,52680.167776898525,13400.761489401859,49923.68919672381,1141.457026652332,2,210.75664444957508,4,18.66503914797864,45.69286910929445,27.35770303027411,0,29.508268143407776,Sintético
BG-0353,4.492293013383067,-74.04075918848784,15601.5812435443,17.495408819688837,75690.9760437187,8517.81613552739,19391.42486491655,203.41818262746182,2,127.7498168940192,14,21.260109593919,23.899523375068625,42.531034930353165,0,17.765820773932944,Sintético
BG-0354,4.6897114404104165,-73.99472462925623,24169.40014653932,17.34193910677062,40525.863737530555,17492.94765293875,83273.77471782116,374.2454767472074,5,233.5009068304589,65,12.821685345504678,55.82057806387595,38.495591109744645,0,30.05012085052721,Sintético
BG-0355,4.5321078070615055,-74.19732263624371,11734.168688839269,75.60875664477615,36233.37141934858,12502.517334423996,46892.39834384103,708.8459048501784,1,59.9233488128131,10,17.252154344409,22.97153043614232,46.70280883887376,0,30.639392456828464,Sintético
BG-0356,4.700309718785002,-73.99187742768368,19751.243745533142,38.652819066246074,88650.65176791842,18746.185974829306,92664.65797110635,168.28943855967427,0,252.4504245728695,12,18.83241442061928,21.491699331181316,54.73332465498801,0,48.70987894425661,Sintético
BG-0357,4.4908914705645575,-74.0240040204086,12421.657754084772,71.22965509522106,78048.96273203884,28847.53894509812,126657.69342151003,155.4367432562531,2,98.20288424602779,8,6.203591420445479,7.561856633463776,58.932885245511216,0,43.97155916462329,Sintético
BG-0358,4.667720880418937,-74.08483571648907,19796.064993126307,75.02128766775752,86204.5910185259,9629.440505146917,64250.31935623708,212.793172753263,6,94.5623480392243,19,42.08426804466404,57.01977946581045,8.36661163881617,0,38.12231127787168,Sintético
BG-0359,4.69472290696686,-74.05638599985181,18058.964075966782,5,42865.54679998667,21538.351995658584,51989.85280255761,317.8868463885654,11,185.4525375564155,26,23.496561832001667,73.71289874052017,12.726499134651693,0,25.641400121728598,Sintético
BG-0360,4.795876458567416,-74.00975580265072,13577.757998994488,47.54677050352584,67650.5870221043,10628.662878250496,33572.86725215208,129.52075302080502,3,144.02593760310117,17,17.747520550480843,68.04338399071167,5.025929783988545,0,30.21843284437248,Sintético
BG-0361,4.519396364173141,-74.16598831539679,23155.05942336432,64.91259471537553,34718.95128971415,22024.32756707238,95326.42705787793,95.87480520589743,1,170.6580065796854,7,26.81711872915992,28.823493385536352,65.02536584184698,0,55.51578275779937,Sintético
BG-0362,4.5083111544037475,-74.0385299936595,13387.456810228867,24.518662253036258,40284.777686653964,17370.834042454942,28807.19261153027,1983.7549210397237,6,134.21379050345107,30,7.239477352958998,48.278593679515346,27.676652838972103,0,19.004801544105867,Sintético
BG-0363,4.481265391812618,-74.13825306390272,28585.041833905903,38.94091899577493,115068.44044368005,18443.21776113888,23683.406888154015,286.3986165397703,2,61.00057392001648,19,17.617031596326903,37.59542421474706,10.265911068361318,0,36.985104792245316,Sintético
BG-0364,4.487728960133271,-73.99431161116372,12650.248360532725,71.38496643412392,53248.03258590045,11407.234374658436,91812.54621871469,84.69295827758512,1,114.93186787753457,72,12.09834185487507,52.588867340045944,11.403183103055865,1,45.58799036822918,Sintético
BG-0365,4.503374167323613,-74.00173372017383,14398.998223432121,61.40592526858401,38378.07729737439,18436.93938082896,18136.19861255048,77.43936548078453,5,278.9644968993452,3,23.443381327775096,3.156234837566251,38.35326283354383,0,37.18225878210069,Sintético
BG-0366,4.659445589628221,-74.14081839024031,10762.585453288873,67.73057892926455,75204.81403628484,9739.413054671806,22963.862351370757,85.58745837427533,5,199.62710363887354,5,21.539402321545012,18.79879091309835,53.02405847008407,0,36.743900626829976,Sintético
BG-0367,4.747103143795602,-74.0201757373302,14067.160019915416,65.76265510795255,68284.414236358,13365.453620966808,86638.83741223371,455.95530762889007,3,151.1196767240399,25,21.77908116249824,27.795107047056895,9.128449507171087,0,41.770845364830805,Sintético
BG-0368,4.634505878823002,-74.1502649913119,17059.619082906414,76.41439920678773,71837.7944746477,20945.999968982956,34605.3296736246,194.611313980272,2,275.7617169221288,19,7.5899824455772515,11.594068185696607,80.82601698229001,0,51.666613837631246,Sintético
BG-0369,4.7144768446810055,-74.09260935093062,16244.092338464568,48.04268045099923,25000,19163.430204637527,65267.086113227386,1358.8514706543262,4,141.07073502752087,54,15.17145340649759,20.83723824300508,7.711687205706971,0,26.44633012949919,Sintético
BG-0370,4.526145223491259,-74.0502543707986,16961.957477276585,46.21858656293843,163066.1580128448,7119.438750145356,59212.69943831685,576.2681377840279,3,102.19102453790252,50,11.212587403536302,20.562898356603153,0.01937300211152137,0,27.354494708971163,Sintético
BG-0371,4.813439666280525,-74.08850802850043,14811.269803507188,29.329115447844423,54052.136331505666,4601.8123202186,70352.3452179787,191.82244517682656,6,259.36328471488116,45,11.160635851323253,20.592625538429306,15.253271469583368,0,24.95171722861041,Sintético
BG-0372,4.72266558459922,-74.01671941335691,5528.363608482716,54.31185182999004,48452.69060728098,19406.864029656525,30551.619562034153,250.37324709903243,1,152.47490574197477,37,35.2418961529242,79.62897411544864,3.1022011584822944,0,30.119333415554046,Sintético
BG-0373,4.614166397520701,-74.07057928574419,14260.86699700319,8.120739581661912,109771.16396437648,6470.721570058733,18315.442412859615,312.73209146051937,1,171.97215710533186,5,39.1830848885206,28.81496210499856,37.77101181484941,0,13.650284989016432,Sintético
BG-0374,4.491256082208925,-74.21734818846426,24076.20402972542,57.1035736421843,168625.0455297718,19152.929231943304,28495.875551203913,1284.9882053315296,1,170.00696283806548,59,16.59332428213512,48.10173999601401,22.386741027814,0,36.81377610282019,Sintético
BG-0375,4.657555534612285,-74.04336296634659,22172.156201152873,82.04444462317979,31963.413731530298,4287.177472505375,3280.44126264243,127.19426596110733,2,134.43961121523589,30,18.37173968150964,31.10927650688246,11.431957548535902,1,43.05519700924834,Sintético
BG-0376,4.722857956837028,-74.07624611096048,19855.09537216843,46.52648208994326,77964.34019686808,47090.004220331044,28022.39611032435,28.009654098294728,2,92.02368257270646,33,1.1810232837401249,18.450341539304326,17.974412359720198,1,48.35883842121232,Sintético
BG-0377,4.571051809209267,-74.18438198525615,23860.51970670997,79.30396116929516,97305.93023512496,14586.90302621864,32690.949960306265,228.64040364538516,6,215.04575869731676,15,37.62653834563065,21.399463297088207,15.300356573564503,0,46.680682077872355,Sintético
BG-0378,4.579903254249458,-73.99937976189659,17458.03238816468,30.32251912768862,40904.79815786609,29404.27725936116,98063.21693250202,621.0000263726267,6,173.42050097815124,13,12.16883818743232,32.18586293829932,5.232749956621986,0,39.46510172361156,Sintético
BG-0379,4.74011578664287,-74.13833540369052,18401.384581781174,50.77016270399164,27387.045249166764,17479.751975210453,77144.94862524976,330.1584619481138,4,181.21967043264286,14,18.613373752004794,60.66254239285137,18.53086489330952,0,39.8578044644471,Sintético
BG-0380,4.77376539705933,-74.01488050407225,19816.929022020733,88.7921323515348,92366.64155700397,13901.479103327263,68297.99850986444,128.67617417851895,2,91.34965989687615,38,20.176425292352203,47.585764776608286,30.11890706379517,0,46.40778730168571,Sintético
BG-0381,4.679429408515691,-74.04600012682903,13844.105412885432,60.45406062544553,32858.03090601324,12968.839871594184,19285.7319555575,1140.1910854213208,5,126.18089516597438,24,23.691159164661677,40.192091152642135,6.0153791685157545,0,25.192799848039574,Sintético
BG-0382,4.486109403216894,-74.2103035401025,22053.28035634002,61.792139895929346,56931.17534846789,25202.00073734427,27236.849628596778,103.60279068069252,8,105.58908736356275,28,7.6173925922624,46.80370274663848,33.08185194108063,0,55.76772871043411,Sintético
BG-0383,4.790326253675655,-74.05056863288911,11265.767475797376,31.85313911177692,36770.31457695462,29973.45407810463,138489.69274183142,365.1947121123605,0,177.12600107157044,48,10.849897934144003,45.992901699880115,44.2074325201055,0,45.84620531172637,Sintético
BG-0384,4.738228179097963,-74.04841562742111,12550.136398540913,37.408047305495565,76485.23979259816,8641.604796542626,36612.42562560835,621.4841299960291,7,388.1147622277708,9,28.53564845394611,35.033942245461205,16.697635038139243,0,22.81166842951477,Sintético
BG-0385,4.670964283053806,-73.99122086840411,17474.021544120063,36.19957500255958,48905.336011373845,21717.77162615877,94543.93815989514,350.837790597671,3,244.4991555103663,24,15.010010064655448,48.2915633530922,47.76030309230006,0,52.81440867582296,Sintético
BG-0386,4.740606941615772,-74.0343365328643,14663.720899488888,78.29605059454391,80671.50801969906,38384.17510500705,82879.6654895467,75.35653501995071,5,182.76438458466106,23,6.669146493118215,9.302793309982976,8.056229171702196,1,55.66001472398731,Sintético
BG-0387,4.7308283186649795,-74.20750558693541,13782.342111702743,56.51599752574072,55264.697016639635,24465.539903488614,35520.46165206354,7.123591044647722,3,123.98755040672333,48,3.654156091459365,41.31307525142457,30.3258221419006,0,39.66443113578434,Sintético
BG-0388,4.797044957016493,-74.20463735456097,16693.393515894517,61.2827727455112,100572.37048617021,15985.909526784908,48979.88395462107,96.30970460873816,5,101.41219898509195,15,33.613672266306,46.42197065877938,20.438598433448867,0,36.69290404012247,Sintético
BG-0389,4.726835459074533,-74.18120047689342,15068.167356727618,22.28267392975247,31902.97098360955,22417.513673630696,44194.09916257188,320.8631541743561,14,220.0818974575035,30,3.666295361900828,18.13639135089945,21.166251248015612,0,25.335482940911444,Sintético
BG-0390,4.760953466733946,-74.01881135181199,6185.4403753130355,93.06359080046919,76389.46005749417,15071.823991560179,141343.00466301382,253.82946931951903,5,145.43562285097767,11,15.437222912119179,12.764914188306758,0.8681367756613424,0,39.78057149996458,Sintético
BG-0391,4.504773139340913,-74.0702006118214,18365.169709674454,63.81354721325274,64581.51665014476,19296.692366865398,34669.142478766415,236.0612650714779,4,171.53555567156977,12,8.178441555040978,51.56948975568641,30.568697103587706,0,41.683529191112385,Sintético
BG-0392,4.780046997263307,-74.14232417937657,15930.192065065152,72.89675062300718,63899.53357688622,29080.521794527278,67587.48362024697,244.5792614998123,2,142.90099285122164,56,3.153429172217785,46.20819661060206,15.61897724338628,0,40.413520071190796,Sintético
BG-0393,4.724303512777938,-74.18459947591631,18802.693532786136,42.7421030895221,64726.02381224727,22428.849582298786,42047.88010657184,499.41760546450536,11,279.7316705259741,23,25.30203785645449,30.745873168782705,9.538982493914885,0,31.64375562343403,Sintético
BG-0394,4.760999263354965,-74.07938089365022,18038.654363634432,48.84668001743611,85992.4632556067,18763.481386712814,44667.01346620466,126.87776135427235,5,106.23756819846588,49,8.686069273764623,28.32480999485686,12.644487368967736,0,36.737624962541595,Sintético
BG-0395,4.799457009073523,-74.1955715566219,15277.220350808539,15.095944997473987,131457.65772825843,3509.9549823394864,50710.48085469864,478.69769449100386,1,91.41889680850261,30,29.994213518114773,62.90638763707776,15.509240337476196,0,18.14426892454668,Sintético
BG-0396,4.516455555957873,-74.05234553158353,9275.480148856042,49.21706093430618,42094.655928282846,32041.271571810816,62950.42765037245,48.52191173552776,0,154.5435500621089,36,6.889502341799013,12.728471686022075,10.410367346740278,0,47.41220166631363,Sintético
BG-0397,4.625571600805732,-74.20657509334552,12462.347702127523,57.73506701094719,49675.427459014776,16615.890181068244,39767.61132871259,567.0682743116962,5,134.10252425021775,19,29.36510436597853,57.807293405957104,8.832680039606789,0,39.37195199411748,Sintético
BG-0398,4.752551307114408,-74.13432417238498,17460.921142519455,65.9324852819864,52686.06861139556,10044.251961156766,55831.29539433932,84.45156458869565,1,268.79867516044385,23,17.194710322656356,28.36318257388955,0.5824404618851191,0,49.40237869383062,Sintético
BG-0399,4.605403676017303,-74.1718953129766,22639.68346440263,41.98155518362587,39266.41584908745,8544.207306117747,5227.705886606887,152.7353546065024,1,117.37725639377845,12,22.377545786420434,40.89005780460312,18.175401969134942,0,31.13539006262835,Sintético
BG-0400,4.608829265330856,-74.02157032108768,20812.572069624497,42.91479186120647,41891.424007798734,18229.343651487212,43770.23499414049,334.78944652491913,1,91.65634205533279,7,6.07542446844736,56.34052519995021,25.80080132975494,0,38.037171054257186,Sintético
BG-0401,4.804816270875003,-74.05145482042258,18824.328573389233,73.81131552903804,46905.289793481556,21346.35816312877,32830.948214956836,361.96219731337857,4,147.67026351153675,40,6.416813387511255,62.21274118972789,54.83994804811708,0,37.03879120047647,Sintético
BG-0402,4.503760041856099,-74.20724936979893,16746.70210592598,53.06942159674243,55749.575176217986,12786.09269425788,56045.80864483706,1035.2486595014134,2,248.05079624113898,9,8.031763332736967,26.25451760189741,17.475525766196256,0,45.33390919722707,Sintético
BG-0403,4.673433244891807,-74.13965802805701,18592.12372653606,64.47451601878035,71336.92113662267,5973.064972549477,73063.38105296201,2200,2,332.2380329517967,65,31.574371942288217,11.77433797983673,4.848548491650821,0,34.416627185018484,Sintético
BG-0404,4.598404166294358,-74.21447311184355,14569.240017911037,79.16496235821971,52945.56046868252,10191.496881574862,19362.94853971309,1438.034241400831,1,110.32040512732718,45,12.790744585138713,70.29896086798959,29.644408530654147,0,33.686579530044476,Sintético
BG-0405,4.631806941376891,-74.0537101473743,10257.84310310901,82.93881517562663,66012.86574662075,13015.526645610966,64426.38266082948,255.19179069341848,10,228.23410375375687,9,25.029472218102345,67.95425231699302,5.869595471354533,0,29.512745135833583,Sintético
BG-0406,4.809009954474805,-74.05403793284658,17526.171741713573,58.02042440300913,25000,16712.80316366971,19822.443877432892,1457.4342545174263,1,148.72105036202768,20,15.689267347069153,51.63891604030587,21.55184871785454,0,28.56771540067583,Sintético
BG-0407,4.807757966585659,-74.12081896515171,17215.701740993958,52.46130141116181,95883.25734947134,11337.583291678699,82226.83892691569,484.4422766108478,5,210.527934404149,16,21.855015825508495,38.46986457058267,23.297646103044556,0,37.47391400733006,Sintético
BG-0408,4.643054309235042,-74.1955222441146,18550.680157354214,47.97828891056653,96024.58359187693,40555.6557207582,55699.50938343523,44.427475696367715,2,83.32270246179459,30,14.094524570105712,42.686402462666855,22.873437955204924,1,45.239742527113485,Sintético
BG-0409,4.496251451346421,-74.01984729046987,12388.284542349753,38.583934582090606,63060.339294856734,13413.134594638555,46446.8840046222,122.93773451324358,5,108.97826825195645,67,15.599893973983841,26.530498504589893,25.168187562381046,0,29.718720664610824,Sintético
BG-0410,4.680366825524549,-74.04632790881695,16968.455471714733,81.65182965646903,69204.2995260876,23780.068256698887,86608.6348256901,418.8075177187255,2,75.54307300270303,5,20.128976670272742,66.50995458215245,31.44393214793388,0,48.73943863896424,Sintético
BG-0411,4.609955224581179,-74.09199533661842,15084.684440015992,66.34844871835051,30660.88803783358,11451.000986388748,27124.353192017046,163.41334843725818,1,181.61140831395676,102,11.652156933985326,53.46375422756091,24.30343935070058,0,38.4636142883611,Sintético
BG-0412,4.498673639043789,-74.18357755085846,15878.077342790697,90.068110120246,80983.58719817556,22507.632757333282,57080.76823606104,380.11643162801704,11,153.10025270696207,10,7.061694893027984,21.556938922120512,9.889665783262203,0,39.16430613411178,Sintético
BG-0413,4.601057292502089,-74.101976571682,22568.604483120664,55.08354496846605,49277.228382966845,16159.392220760783,19446.82839934515,776.5455858839591,1,83.7678960552694,8,17.440254254992837,33.836673545636565,23.160846668804062,0,31.55578890051954,Sintético
BG-0414,4.6239977498221965,-74.13843968988773,27225.271542830684,73.42338793327777,83584.7643359617,12927.398084368737,20858.0615949832,1122.9943804514128,4,196.44752364723573,13,29.866769525619393,57.562861856314186,20.339071291701867,0,43.63800171929655,Sintético
BG-0415,4.8136169376772795,-74.13821858634502,17113.136310182133,75.24319014898545,78488.83058897454,10458.32712495067,54078.47404002629,292.64395146110127,4,95.63229851056172,28,24.165152764567242,55.507004801192984,49.85564390693437,0,29.794157527787,Sintético
BG-0416,4.757053545828934,-73.99032683306356,22255.126663709052,19.070301788006173,37330.795583182124,18299.05543404125,39414.74432449627,744.3671409334066,0,127.60620394093776,10,16.528216799358844,6.929267242963147,24.725871348220657,0,25.079024228775065,Sintético
BG-0417,4.523104275748627,-74.16050087238293,8053.520929088805,58.36724092497716,38365.34590938154,17236.812982695094,77133.67642806968,768.9881987808249,4,188.68912517035346,32,22.527306099131675,34.07007224560479,22.151973291013995,0,29.925784904773543,Sintético
BG-0418,4.7043682452795075,-74.19455142446945,10210.542447668504,71.41385867556302,44367.7278197303,13323.073708978674,17739.79074125764,482.2086284831409,0,169.7674246129538,19,19.035016594597405,32.87006494501851,13.758867113083163,0,26.67511400658756,Sintético
BG-0419,4.579727903105117,-74.13344283119076,9136.960533089992,67.18596257440947,59752.795214834834,27668.19031222236,7455.253903360585,656.4792056500771,2,138.35435409648358,21,22.262217705679312,39.40274192386134,9.238675216509177,0,39.60295206717404,Sintético
BG-0420,4.5426706217374235,-74.12369118647726,15969.808156885223,42.86946887314998,70342.20710078176,9633.650362322116,36590.46264410443,1387.8503768401372,7,289.9078698618505,28,28.491979417551512,38.54129870782498,49.25661415387657,0,24.86564554021324,Sintético
BG-0421,4.48510476288824,-74.11084537435005,11304.875195839348,85.2282564727165,32069.859557955515,28499.50342434526,140736.77339568464,220.57387822126432,2,216.6873708702458,6,9.226189034548844,33.31241579492692,3.6248718306731496,0,56.05066231007829,Sintético
BG-0422,4.585319402392892,-74.1916166427396,8386.44930753037,62.63371758093881,75948.20855551024,12317.043248189239,63716.81527008556,173.58791596155038,1,211.29741230914743,56,21.207235463957794,23.02297134783638,9.811811643952252,1,29.98381088035147,Sintético
BG-0423,4.774987343870739,-74.09232956577877,14194.836888269636,16.084370909599365,68489.11936553167,11022.56532698895,39158.95578025593,423.6936393685078,0,239.38981497365677,49,9.513458210746212,51.23872835978961,28.528434781218802,0,30.959185664897486,Sintético
BG-0424,4.787701013853898,-74.02621116140674,14697.130966387349,44.98034628838671,37008.54366398074,13552.701509084434,59572.71825750032,102.97901275842545,5,49.088085030290266,54,20.239654790729386,28.432704577723705,39.667376615563605,0,31.40518239296672,Sintético
BG-0425,4.654927438229173,-74.18434918252004,22531.419328524047,31.62574579053304,34738.86384557772,11629.436630570568,23848.270080032962,198.6412872992039,6,222.35789210130417,16,29.371541576033533,34.738018369093595,18.34016440799758,0,28.536816292321994,Sintético
BG-0426,4.7942018320568724,-74.18140985329812,23430.65944719495,8.06044303056164,56524.385509803295,20589.3882417772,56029.983533753286,680.2660344856863,3,126.4481298271791,61,15.442244621121674,34.68204399635431,11.407564963410243,0,35.695789187004564,Sintético
BG-0427,4.585172206602597,-74.02073844897775,8163.735714203802,85.96599971571678,54700.064163880605,13740.041924007071,105085.49741488286,1279.7231245049254,4,204.45476400067582,25,3.2488100368455526,75.98873722648113,3.4963006524513895,0,33.1791700788489,Sintético
BG-0428,4.485115093923186,-74.04220871680087,16853.360870427296,79.0130060831155,68715.34043260304,8959.114229006922,76857.6557284157,315.28554301868854,4,166.30599963390972,10,39.6994843011432,18.67905980652069,17.10640547846241,0,34.65388513983035,Sintético
BG-0429,4.768751843329917,-74.07485625982244,7828.355459552251,19.770473637551746,57220.46225662298,12511.24005540038,48710.20233119462,256.40799999880505,6,95.75101856944886,37,3.0707939075565047,21.72842985087801,34.41161910246501,0,13.972504238036793,Sintético
BG-0430,4.679795858154538,-74.11666580697684,20527.57251284766,85.62097441713546,50632.96838006859,16450.70905279626,38426.74235610782,634.9845496770425,1,96.57450271902346,22,18.795698688282418,16.789052925824745,40.04995993965437,0,31.029782762583395,Sintético
BG-0431,4.542141194602192,-74.06156511977152,15708.035674961053,37.623480390088105,49569.60506479495,5894.852967832736,56368.30467087914,502.8986623402344,4,184.99221200280357,13,39.72394150565523,45.33148440201723,1.7197541257597289,0,25.25919426720319,Sintético
BG-0432,4.509452059703077,-74.1040385974793,17965.612426543892,41.47836395377499,70851.99240515122,33922.99657884419,23280.444499372592,124.81623053935786,3,165.27698866491477,28,10.595630355746847,56.11567233354805,16.83714006549772,0,37.00939158140175,Sintético
BG-0433,4.779645042718285,-74.16434998677968,18558.02224853102,69.19589933845677,32090.937390552157,9800.980842124505,132659.44836197724,2200,11,163.1354349247685,15,19.635807889915004,30.14818650701296,2.571740403457376,0,26.329015046306022,Sintético
BG-0434,4.615002403961234,-74.1726223038148,20477.87696282929,68.52332719195842,32904.175790851325,23134.71630715492,64933.30354964312,384.9349490269759,1,233.74075784661437,9,2.5216990133256436,85.66871337401088,10.828214727051499,0,62.6653814011823,Sintético
BG-0435,4.508273661375641,-74.17926090911337,18660.49376083957,42.12508929085635,89067.997989064,5919.0410264721095,45591.56671567663,702.9716083851938,1,213.27196683999202,84,26.612498540040633,25.232409964062757,40.53355737040741,0,28.039390185170856,Sintético
BG-0436,4.720820976590184,-74.08432594586137,15672.94982705165,45.41266856524266,84832.9017644793,46811.92617463446,46368.798743173014,296.602540416103,5,75.05395154071121,39,6.426347638910214,41.471765719259466,33.28662362675222,0,44.99580168710445,Sintético
BG-0437,4.807676396113214,-74.0890392687445,9896.334353432765,82.78814856804797,82520.79798814801,5251.884016734517,32607.030212065787,273.82767556467076,2,212.41675646696092,42,10.70925383820544,22.870717767630154,4.979722418251486,0,27.350419359391637,Sintético
BG-0438,4.542439263591137,-74.1956733911808,13276.469080140301,44.648701242992345,25000,6310.4905469392825,11172.011013504796,17.072539670725188,5,36.46979598614229,32,24.550914764739794,19.544868081372567,27.73035315122166,0,19.258085700341073,Sintético
BG-0439,4.813887330179143,-74.11623604950044,22940.757936360606,22.483961269037795,94898.5446553537,21995.126470247153,78331.86945843117,907.4528688523748,1,166.42563540409432,27,4.653508725869189,16.053302062517616,37.583083848853704,0,29.55079639870281,Sintético
BG-0440,4.538111708186259,-74.13890852206507,24217.806716677034,41.938899056650584,65470.51052896093,26684.545078665506,30217.715494627835,195.00822777479567,4,180.18892540982822,53,25.791864453325875,12.708154209853967,12.44492085108071,0,34.60468884033557,Sintético
BG-0441,4.677840717159668,-74.01318062216306,17883.96796577254,21.007238865720648,75669.3333873466,5691.529313045403,60576.91266936666,323.09862915717093,4,114.3935451576667,12,13.358390788562183,14.64147352802237,23.926022437772886,0,21.4465699951323,Sintético
BG-0442,4.483470679736607,-74.19089741178442,15912.798971607781,54.710193912928915,72665.53762401488,8222.55022781161,51471.53926607775,798.154769920571,1,117.1848026785411,5,7.650699906768825,17.474026586499946,23.54547315079377,0,28.917238275038958,Sintético
BG-0443,4.600992034489516,-74.01228852611445,21817.446527323078,79.94478984884323,68170.39672553068,36125.15718026627,72195.93218284899,266.3925621189211,2,222.8271632237845,10,7.2936312889416195,19.236398186564195,6.227468241622006,0,61.30464944258572,Sintético
BG-0444,4.605315297018031,-74.02651513087699,22664.547801506782,40.38977577900186,31004.728631009264,14270.652825478794,37264.636236717444,142.03951568317538,7,195.79299911187732,25,29.972713614770836,49.4872643257766,11.354178890761006,0,27.751594901755144,Sintético
BG-0445,4.619718124466076,-74.18838755010428,18765.407274127574,74.92359658002643,150704.88027664198,20752.75769828321,54161.979804823175,285.2762264060086,4,116.5231100744611,37,11.966538077309805,19.050414559975284,34.75343696323158,0,37.19742794883955,Sintético
BG-0446,4.755031716186093,-74.16459630490961,25181.26271295234,78.34684737730151,78275.1926675813,15978.912763729753,97609.70076566638,348.37349055603033,2,153.98657218162865,92,5.185426579313305,23.30139468099533,16.626194140464147,0,51.000417043572504,Sintético
BG-0447,4.501617927748775,-74.1720169998827,16099.837957084297,44.2110312030232,126894.23200182438,46559.47894253638,37497.80522109803,38.475877839339056,2,181.79066960043218,23,10.767068900388397,34.76297565723666,12.185177878285092,0,51.56670824871673,Sintético
BG-0448,4.799925936618858,-74.03218705619305,15070.51742134886,80.25028887724392,25000,10549.75364641179,66242.26461749805,7.659651137943383,4,91.9176124753981,66,7.725066592471979,17.718719435839972,22.948736724965855,0,39.18442099709218,Sintético
BG-0449,4.78798681029577,-74.03657258997895,15885.441066663525,90.18615412269995,68310.40935487379,21162.037446376857,9927.94305757603,316.24960160745246,7,251.91864665378532,26,22.138884018566387,69.53538292737831,26.693730846651004,1,54.2934639234484,Sintético
BG-0450,4.7953743344415525,-74.13547784242883,11985.189857278536,54.56304813520795,48215.89232247242,21680.516558605937,22158.9848976085,11.267082994687664,2,205.35959821029138,31,7.387189795450781,20.785944279989206,4.917351563201878,0,29.316266119800446,Sintético
BG-0451,4.7245064080283035,-73.99773715204347,9909.482729476378,76.91558732269252,95937.39236878729,15399.85191976014,28469.382758370677,310.2074358725742,2,205.6922365460786,69,9.702947397001736,18.90276547589068,9.66914646545515,0,40.019302931103894,Sintético
BG-0452,4.803731068670996,-73.994488666748,18813.02127427028,80.65897176594184,137363.94652697802,31603.14503524352,68736.85598318394,127.6795657643624,9,158.50866889735707,14,13.956561743698282,56.723717099335616,9.05478840939924,0,63.8041957960211,Sintético
BG-0453,4.706101377732129,-74.06237454194421,18583.125104574334,41.26856182028795,31301.276871292346,38083.500114578696,50047.454059059964,673.322121386914,0,168.5417541303171,44,5.5016772484526655,52.161661002163164,39.5766748253853,0,43.805555458759194,Sintético
BG-0454,4.746745327543617,-74.06728685452164,17769.50441408208,84.34360265382489,43260.989586428426,28322.46919009563,64369.411781018665,192.91473354660505,3,77.69640738810989,25,30.844899013585316,57.80655855581699,10.27796778311883,0,58.42367842043054,Sintético
BG-0455,4.727847807593308,-74.1993447607426,12130.912541141399,62.079839062432704,51066.350483991846,21132.667734282735,56675.61692125223,311.09390743409745,1,160.73614996135152,8,38.934404336758114,49.22700893609737,16.647489179521134,0,52.340455820966675,Sintético
BG-0456,4.712878850060451,-74.01297487861927,15073.295599535126,17.35661101386869,111283.46860505671,20776.57196681046,22625.861150495737,19.63792108075633,1,263.49723614876285,29,15.408238945792727,0.696842602387129,15.962043221290598,0,27.68806640956209,Sintético
BG-0457,4.681649191923792,-74.0076278340728,18182.67524635727,78.76391924471928,32610.15259076084,13361.586898374138,49420.204623534,16.11184665468165,6,175.25027217074083,9,17.602063002468203,17.55316236632878,15.391276757565766,0,39.558694219418165,Sintético
BG-0458,4.550165822543447,-74.15106677715482,26656.98349900351,53.39700359051125,64939.67102169822,14265.106675786737,45321.36014127921,239.51139399997106,2,120.45977214546826,19,3.734613802682887,45.331493878395904,19.42238330975576,0,42.12929217154627,Sintético
BG-0459,4.569690080775619,-74.09906035635929,13088.280436620815,88.46128235398467,51211.79490481596,16226.149047414332,130796.36660728716,464.3774714792372,4,166.75792639576633,17,11.22213571613013,13.8437171676559,31.34442291899821,0,40.110008696825574,Sintético
BG-0460,4.627164684149677,-74.14999106572758,19157.999140205684,45.46268923070808,83718.11409523487,33205.582158358404,53779.35891233201,379.5267593491239,1,189.01892892437542,25,16.39091090291285,44.744875000619324,22.881850595232255,0,46.130185352589564,Sintético
BG-0461,4.533574252256364,-74.06572784326673,23258.67296175236,57.88463552338746,67693.4966918509,10685.801449834313,57702.696129982534,294.86357818911176,5,143.89827799689147,60,12.524115154918862,19.441213167718246,16.51968501276767,0,42.53255152902123,Sintético
BG-0462,4.557649503517381,-74.03739398023474,22901.605814299157,28.64628024200681,54018.80027663585,25530.161957244232,73411.34053205211,597.2522659897928,1,115.35148809751502,11,9.076618303379055,53.99044887851397,16.66752799090836,0,32.320283859283904,Sintético
BG-0463,4.499266281418582,-74.15606137731966,15289.378030519587,24.390552403883582,63404.037839209646,29026.3224919292,97877.34528648102,6.9389233143831905,3,101.41729021542774,18,2.76565860473883,24.82865033261219,4.443875818583847,0,41.091893495761724,Sintético
BG-0464,4.568553035860753,-74.19564970505887,18108.732048511592,94.38888004408513,64175.42489723142,22246.47424843865,39927.49227660509,864.0936300621855,0,182.4141547534981,35,16.715352165359153,32.670422217149564,8.817068607503428,1,37.521665988038535,Sintético
BG-0465,4.7169422855814025,-73.99402035103498,7577.339731378395,94.63217830122102,103134.14902905321,22877.46555403243,101802.9393424643,383.0234954702548,2,187.03499496394934,21,35.45260948335923,27.19290726198482,4.581036347545265,0,43.03513147579258,Sintético
BG-0466,4.778883824047869,-74.13202496762946,27487.495468856236,59.78080206403954,28376.571003750185,17278.437554213324,57755.38633635875,168.5728649931604,1,185.76559794124154,30,26.974850458485662,31.76359356008535,23.649690354462894,0,46.025733230610534,Sintético
BG-0467,4.750228737130529,-74.18319586597553,14604.754823130283,59.20616151987724,78894.18497541254,21374.896192164346,100421.44322107373,68.7075296973942,2,334.2975137685675,56,4.823759315401743,33.48961282534944,4.4781492233105675,0,51.14237563395198,Sintético
BG-0468,4.80434482023985,-74.21016855806681,13136.116269690581,33.083443083531456,40492.637981559805,7533.108632224593,74097.04831095097,17.341062931887723,2,268.7186972328335,12,9.317102263405614,67.47545453281167,25.572003193063132,0,42.22323799098906,Sintético
BG-0469,4.581304446040348,-74.21805969712202,16713.605125377373,80.4657122808375,50351.6265984688,44167.21505105093,51456.73643018886,427.0927353015218,3,166.44878034560801,18,35.63879299184473,26.425377099987475,56.80374056481144,0,52.628698190002254,Sintético
BG-0470,4.583917013068946,-74.20528831548647,14969.401643171941,80.82697751386966,87729.64023453524,33650.97477352097,81904.71164545644,218.94560697847757,4,123.3113191238572,9,10.753375469595841,36.64373768777442,56.85529187197979,0,59.79545524652764,Sintético
BG-0471,4.481308607529106,-74.07468409016225,14985.288015285741,57.06673488045509,127015.5787189197,9022.982381375174,79939.12543560396,78.72224390623191,7,74.3418310167951,32,16.969840430737815,7.85491148390995,19.909267403800857,0,32.5871829665228,Sintético
BG-0472,4.756949503156854,-74.12627292009421,16383.029151284181,45.808911899053825,37896.901224378256,11042.592045588819,113583.47076599162,48.31239494513862,5,109.1272819589682,37,24.38971955578349,24.840567650923674,1.5029381126670727,0,29.69181251318582,Sintético
BG-0473,4.6236472582584325,-74.07529557685277,11791.007782561637,7.554681704714658,70421.77258811041,26543.118997858397,49187.55954392548,246.98399340888267,3,163.09553210132816,75,14.915295959952855,54.523803470053664,9.849455007041607,0,33.020088613753174,Sintético
BG-0474,4.590048745962933,-74.17304779603442,11319.452309516175,35.392341323478504,30269.433405945838,12149.324993521555,87197.47380972108,9.547113037536644,2,228.40698471680813,36,3.372408461675871,37.35888263549463,42.59722293711186,0,32.834709668644166,Sintético
BG-0475,4.61791355471143,-74.20268836685024,7146.018722230168,89.0131955486959,44322.36538313289,14382.736052272297,79700.456596507,47.44518829499891,2,168.9588776837551,19,4.700619637672228,15.132406216097321,8.71599203077237,0,39.22772887282627,Sintético
BG-0476,4.684621966083265,-74.20592249360563,18248.437598351764,55.15937815491697,64196.136188743156,21796.819557309274,50318.76472906366,461.5313642645642,4,181.58596544890187,69,9.188793616843073,85.1991306869158,27.59847157675608,0,38.761279835948834,Sintético
BG-0477,4.775609177833114,-74.08281874916065,15905.030331116785,46.834098605463716,53000.30235160264,16867.535669093875,70051.53439525854,8.27333778299967,1,147.06969854805476,5,31.66551732465625,46.0927041893753,2.122203937314857,0,40.47972017809837,Sintético
BG-0478,4.7959027124665345,-74.03174495279188,13404.129975031668,21.105691472211603,46722.963871896696,9428.923361861864,27687.49996533628,394.38759446254744,2,190.71446505013984,26,18.22769194769677,45.4595537121022,9.131348581561829,0,27.75307243759759,Sintético
BG-0479,4.727742413120102,-74.1698228871571,21409.163845046114,58.48582029336269,82260.6595329547,20654.03434571426,25627.16727767054,621.6711943427207,4,117.67617734612234,20,16.58510208390709,39.352751735507816,23.99638466125619,0,45.16712426022683,Sintético
BG-0480,4.502630438198234,-74.14272270358552,26116.938628262484,48.92636139661069,45179.32158175246,26227.96870033347,41173.92280306516,63.905697267749765,3,220.89124904575067,10,18.74696474661681,52.61377423763943,10.095549327324841,0,54.32478224857238,Sintético
BG-0481,4.522436000109832,-74.16991215492118,24431.466916000176,56.116254711852854,114390.60268799282,4924.020639078321,54249.32058538575,80.83823665132462,7,157.91210103855133,68,16.777793412216823,20.758843602852785,29.32540351835662,0,38.05967314784052,Sintético
BG-0482,4.671938520175086,-74.19530261589635,11216.536319853058,43.468532990292594,55757.721693759464,9041.734044193186,58451.17135499021,28.364435609526645,2,143.86506531151184,35,18.536278440796764,78.95120404090648,25.53661312227354,0,36.652492961362384,Sintético
BG-0483,4.796582063529475,-74.05695984431887,20687.71386339143,55.33475025526198,41729.443739392416,11688.914163026457,75889.87043298724,148.33054428724054,6,199.35813919891064,35,12.305482976086147,33.88129978613239,6.510267064800421,0,46.262533951863794,Sintético
BG-0484,4.785045968631472,-74.02548247951883,21587.85848561317,35.787039348021246,57498.459724596294,3400.0555650917004,57794.14276528645,149.35293950630083,8,240.22679845489813,29,16.66736988871979,67.8820710360692,62.895314114503144,0,29.427804115559443,Sintético
BG-0485,4.815264309012783,-74.10691265522027,12451.958148565289,44.95910248114634,86253.97344226894,30872.18927189462,57516.52399460127,194.32599764132183,1,112.95729476971718,8,8.192474809756726,24.038482541934112,31.592022641764363,0,39.671043654357995,Sintético
BG-0486,4.561984580067322,-74.08556660385162,29591.25093096854,47.534694567415094,68757.74994462969,28210.868146839137,69675.99044594303,18.335390161557793,2,127.12514811749442,14,8.302016488700254,23.309281295542718,42.51510306954136,0,54.58974555994873,Sintético
BG-0487,4.719466932582996,-74.07587479422399,2893.8290124767464,66.45995359912168,40440.4947257557,9614.44103261881,89790.19714815253,44.84075905024185,2,201.69149749374742,11,9.773571380050662,28.182718561664867,0.6490757174917938,0,30.224822248661624,Sintético
BG-0488,4.56666172241557,-74.20420175911553,14997.792552340508,20.069214702639222,54446.15790670212,4926.026375627717,55161.209863089185,61.08998983183136,1,148.43260792990574,30,21.57965728862403,28.433981695682053,56.75119298804465,0,23.615983336518468,Sintético
BG-0489,4.737098297719595,-74.00898817232523,21162.557448919644,21.509481747720613,70320.1474178849,11527.350488631086,111635.3085244079,49.83508911340816,6,229.17572539026386,29,19.554229874557237,86.37338468332206,9.849676723984299,0,38.28414052367914,Sintético
BG-0490,4.666448082326083,-74.11806688301311,16284.011434058999,44.10581616500287,47644.04632410884,7144.243244021526,59757.77322339576,409.36752830750663,1,107.52165382168768,82,13.293603266096289,39.423338186357334,42.481269303108306,0,15.768717331901728,Sintético
BG-0491,4.502536816199805,-74.20698266608511,13578.998226649848,65.03868295248856,125009.19950679634,5918.089749104865,60666.29390258114,43.68744723077299,5,223.3692116044549,27,19.756204690250193,44.41430266072628,18.844904599780843,0,29.431037458194922,Sintético
BG-0492,4.699533300168609,-74.17078346774242,14328.583411556083,40.261423428005564,39386.2854276812,8703.366071086237,67510.85170557804,78.17504730966981,0,233.9461846593985,11,7.351849161192141,48.47285664540254,79.10770562115837,0,42.99152713466887,Sintético
BG-0493,4.51042158100331,-74.04689389505162,22064.565297013476,31.83844654908592,29093.321081342354,36277.186549564896,51292.17505401852,86.24705651311218,0,130.06618365988163,57,38.1770615643334,61.68430456877303,29.31453976945022,0,49.454974399237116,Sintético
BG-0494,4.7382559320518505,-74.15257877493598,19051.36130798112,44.870306611144365,78964.43893567577,8510.023001139232,102946.47851369689,550.5821956601102,4,253.38156423700414,28,27.39624868891489,56.365430957590625,81.2264770282518,0,33.64596121156045,Sintético
BG-0495,4.802326323369755,-74.02975291416668,12397.603230045741,57.24214495736889,86449.8449544972,7036.61975161392,54672.61930643792,217.78157717112782,6,184.14942392241034,24,22.60829697854165,39.734203133320236,37.636414673813604,0,36.763118974885536,Sintético
BG-0496,4.517242056387973,-74.21251832997159,13900.540947733642,72.963245478079,130025.20016996359,19829.298175729724,22931.830298599612,92.34729881462778,2,170.26419146297746,17,4.372951118761709,48.75929793053929,8.435032153939225,0,49.963644808370034,Sintético
BG-0497,4.4849452379506465,-74.01238765339824,20052.379043792764,86.17335310168409,45527.48569793555,23754.278446287375,32423.114679466362,49.52500347844835,0,176.63555471419144,10,1.196874645912909,55.742809564477255,41.66734597170962,0,54.106108422455584,Sintético
BG-0498,4.731604296293577,-74.07791153900111,11541.4231492101,64.34203411454284,46750.812790676144,5549.578586945847,80658.87473604045,1508.3964664573602,3,118.16215169060533,9,6.481629935232955,53.34861866996201,52.20136377312632,0,32.2900420270557,Sintético
BG-0499,4.568323240382021,-74.02499118243986,21424.593538643163,50.20484134020283,66863.52949413123,19038.97556725431,87449.80683585898,237.52365883925233,0,289.81218228954685,64,17.42648767900255,43.18885901644452,48.78413696334756,0,50.932142789591865,Sintético
BG-0500,4.526220680467587,-74.16769765137416,22819.3433587755,48.78090342508256,130035.91608434018,12899.007000112158,66785.66836394434,1169.6809474351605,4,51.13899901629465,4,24.724830446219823,76.59531517933773,44.85382793825969,0,32.340509326425284,Sintético
BG-0501,4.702653746511883,-74.15916684919821,11568.40191285223,38.675477894767326,35299.348419287795,9415.387757567383,47196.30146764921,1843.0040859594824,4,220.9486867024629,14,21.282293141730726,36.995657971826844,25.12384073234554,0,18.679633810105933,Sintético
BG-0502,4.768083364086031,-74.0581737540951,12824.122644670979,83.2523005391089,70822.79409042768,15383.43528049644,34748.309397099416,410.3221893848957,3,197.4008208144753,40,5.497869303425939,47.368529327391975,6.862718171350064,0,40.62709253175314,Sintético
BG-0503,4.62255388750702,-74.05004823860975,14341.105702171302,16.04443268690697,28878.322637920053,13434.092748298024,57338.13541050131,79.30595214992009,2,250.9401054167657,9,15.35758855914404,28.484026359691374,6.923492988426864,0,34.83666036631093,Sintético
BG-0504,4.754139127588137,-74.05347639966831,12375.581106086202,47.777249044601774,39152.86030302804,11733.699319116191,28167.026133149713,835.4476659832006,1,129.1522182912226,31,11.71127177007007,6.818395850664212,10.034013241700364,0,21.458053599756777,Sintético
BG-0505,4.734163102758129,-74.08437037841077,9107.674303578427,77.61700143334002,25000,26002.985102857332,66522.26763061443,402.9060204475459,3,193.80697527753293,40,16.567181691319178,16.165838754034706,41.12599394103433,0,42.622484624859325,Sintético
BG-0506,4.723120016582886,-74.11237190048584,18816.171842800664,39.02638202346051,153376.8199559938,35562.44231507254,130199.16578739858,121.56307442518224,3,108.50589143813664,15,9.650147377435665,55.59079697577533,0.8899043011206944,0,52.09044556738341,Sintético
BG-0507,4.525884169880433,-74.01844203881241,19515.616516341346,94.47953595983412,83646.26613312501,18164.97578305959,33989.33899560238,461.05837591794125,0,202.60347091964013,26,6.856530154546579,10.550910744326726,11.761926937642079,0,44.293013852039664,Sintético
BG-0508,4.768501771778164,-74.05835225655099,14042.729550372005,84.0139612665764,60075.42185657882,2982.7769711017922,71814.79062214223,385.5640966013416,8,130.0973473874718,11,5.064869471704926,51.15807969317891,4.6282835851547866,0,27.199842062163874,Sintético
BG-0509,4.666983209184134,-74.19850134826659,12080.908028901868,33.24993821208062,25000,12636.373562490187,39743.886628683664,573.0380565750294,4,153.18242908616062,36,18.68399542845598,52.44616944073357,25.633375312618234,0,34.073387212319055,Sintético
BG-0510,4.627944771929448,-74.05022647176837,25422.649191719793,74.35246072251053,57159.70808746571,10032.163362743262,48949.87293836901,188.52729414990725,8,158.9139877275737,53,24.53111053647918,10.299792565077771,25.892948280784505,1,37.45543320485915,Sintético
BG-0511,4.671291646202936,-74.14356391884611,17171.517213233965,55.04732893891654,32820.73791504346,21324.39921044073,29848.58718092345,273.2257901388635,0,110.18106314295271,50,21.173809365840867,14.566389271328593,40.371666664311455,0,30.792786719468822,Sintético
BG-0512,4.61375067115612,-74.06373260405836,20071.38898087958,80.79703196234537,27693.2365994332,30943.79809281094,49714.517269870725,362.0669610387034,6,132.00030673805483,25,22.487235736228428,37.797675863121526,26.233470723954277,1,54.71782876933186,Sintético
BG-0513,4.762599012893641,-74.09879718937185,18478.148625890994,56.977649773442415,124339.76982610731,16550.281537393494,115401.98458751291,47.34650490796251,1,100.16652410612372,22,25.230939925249903,48.26892922110629,8.340525880620692,0,49.31767280221455,Sintético
BG-0514,4.570487964918397,-74.06392009927757,15358.497926452554,8.362140159094267,49540.2940173423,36766.942662246256,104417.59836825216,144.55952927609047,1,113.4988345141046,18,13.779794056422636,7.690345113796718,35.001416781674024,0,51.21492230881869,Sintético
BG-0515,4.817044203860743,-74.1065510539603,14354.20318433825,84.23118118936743,65218.476313305415,8063.982330110103,45743.6562586688,211.1535027219647,2,276.4406965244677,19,14.620851659963439,5.125768959080604,33.50478593638718,1,39.89677025731767,Sintético
BG-0516,4.495162249248607,-74.21764720057715,15968.374415363076,41.98716004181468,88187.89666818955,4663.002159518315,57148.373249020806,14.787089081481604,1,135.64841142597209,12,1.4306808117947285,51.068521553162036,13.872447428292014,0,31.59060182382962,Sintético
BG-0517,4.556852350166496,-74.12689137098486,9890.844811087693,74.6111849414668,77941.84025876809,9032.089628904225,43887.23499122917,74.83718972291639,3,169.6858586738911,52,14.375578275009751,62.74552335499967,41.714444000987754,0,35.60791351138963,Sintético
BG-0518,4.643581519844585,-74.14893229860634,14373.871253053983,51.14486126426101,95913.25237315883,8256.253213065129,17432.680753601497,109.271686239387,3,144.68673105494665,20,21.425191377215146,74.05657859760859,7.622922697490397,0,33.745827607983585,Sintético
BG-0519,4.571963919406897,-74.17605807119436,15979.217145848934,71.93163577896271,31851.064065292176,8447.958317816507,20656.976693270757,114.02893513351692,9,151.85919368114403,27,17.468560010917045,8.476519103495587,28.93256585334431,0,27.21012800158078,Sintético
BG-0520,4.695576100572566,-74.02921159295623,17636.916401614322,34.66609709096528,50251.54096807845,20134.26484118934,39986.8732849656,529.2972521679749,5,122.82310006139538,20,26.69182278724089,48.96142789389103,40.98588017879665,0,36.51496374969611,Sintético
BG-0521,4.583748811886851,-74.17015751221537,18495.819230473022,78.93982798353541,37366.62664313662,17668.32592326546,78147.69746013093,1140.4977607639867,3,172.68856413843275,54,26.63988893504696,22.056733383229517,34.90513337637511,0,28.78893460847479,Sintético
BG-0522,4.525688817794392,-74.12834455892401,15744.365516290018,66.14401103302492,124834.2151170281,6495.529729956436,18410.77300282873,104.14168213359785,2,186.98017719005728,19,5.585811608381214,8.177837524160816,8.425724539164339,0,40.80947396270365,Sintético
BG-0523,4.498663586386745,-73.995608214585,20052.004306939925,34.51862418146689,42362.98192227855,7011.23983827861,64312.10741803956,818.0085793095703,5,146.35682847403913,18,20.314015684581065,38.25280228656632,10.055682362058075,0,24.46609755801624,Sintético
BG-0524,4.642046988631394,-74.12334864902729,17649.935685024797,33.84596148870905,44326.28124050501,6300.091732326195,39978.68142624947,300.9780940188376,3,259.9883563527407,38,15.28135966060256,44.75464039932668,53.099784656649994,0,32.87320408494799,Sintético
BG-0525,4.819127298322806,-74.18193320689682,22795.312775439314,44.29577922001,71373.72351168335,17204.132920520675,34494.88481645894,444.34351183067633,2,133.70194950246795,28,9.907516700317833,72.65632967129879,16.36286602041332,0,33.34938592202312,Sintético
BG-0526,4.730593328564715,-74.15247199609064,3996.79915113226,58.12947138727568,48508.55576991717,15605.564395997306,86331.70831500493,885.1904602689423,2,156.47992788678516,23,15.294899163270607,11.424343121764027,33.93876944193069,1,31.449238118967212,Sintético
BG-0527,4.655787885671424,-74.14306005441075,14060.138836460625,48.21946747751364,45282.1955611108,11469.498265345155,52305.021264947194,99.68125818632568,2,198.2919709885537,24,4.47086959282967,41.63055043529747,23.673407236090497,0,29.32987981984235,Sintético
BG-0528,4.709925944978373,-74.03408222228225,22115.26569669373,49.10517548411668,98201.38803894237,34286.314547602684,50253.11076650871,214.41023869996758,6,54.27497990583217,19,43.17018759185445,29.10034556234876,46.944034991689534,0,45.73976285121232,Sintético
BG-0529,4.5008053649907,-74.20396252801633,17057.481213094357,5.70078322841436,91067.82104631313,20076.35485179335,56695.61432902429,322.9655897191173,1,99.35704912308664,56,3.027217222973123,32.017088852364914,33.57477384269144,0,21.811601534711464,Sintético
BG-0530,4.5096133326690975,-74.04265097532716,20758.376355448177,7.257962975078562,56127.91638559207,13970.650397288304,60732.73065370237,719.1108590511492,2,101.20271943827571,15,19.0094379885257,41.54828529603237,8.929689182595101,0,26.532494248724042,Sintético
BG-0531,4.4818973303687875,-74.07417593213403,20462.517659982735,17.83462531097398,69943.40461205455,26661.376491288644,64236.34134678912,972.379490595861,5,24.74816407809844,6,16.545198048096612,18.951898453311674,83.22936023746792,0,30.613006998686057,Sintético
BG-0532,4.5363054967240775,-74.00245008844611,9325.326961992752,68.6899563267695,44985.530322335944,20935.58397658359,35205.163150572596,32.86281213049013,4,181.00710483259624,37,13.636210959111347,38.33399981226046,8.3213949874102,0,33.80281990645995,Sintético
BG-0533,4.698254508123158,-74.14317818723907,6940.773674618844,73.7187873603624,37512.32781461744,21505.23281945858,64189.06537903854,196.68644882867684,3,83.3356514368614,16,10.811793996424377,92.54479688886843,24.80296986743273,0,39.90408194973373,Sintético
BG-0534,4.494289737043205,-74.13838224410168,14757.558523524369,52.72278758964073,60419.53176916253,13345.554426759874,48067.37098223161,289.790820659282,3,211.1113322739615,15,9.694258793722316,53.72034400825929,14.28537568117531,0,32.48880216059057,Sintético
BG-0535,4.525862071622075,-74.20838552490768,16207.47047507542,53.859025958919304,31339.722785680467,6416.966954535641,101492.67785364116,367.7710148403338,1,140.55813961588612,100,27.96344263839729,58.619582636372456,53.47237229207153,0,43.29323295936165,Sintético
BG-0536,4.582376678148524,-74.16317641698863,14874.718878059142,92.95507220101432,61485.62409214669,4476.0992707337855,36253.677227400854,21.39746604624655,4,76.09263562960068,52,26.537435606546918,33.40056119712017,20.62426555817299,0,32.63748979590868,Sintético
BG-0537,4.681088486823329,-74.09576637625695,10443.954588982047,30.75779969330668,67627.53843391869,9535.335755916602,31864.11444246787,354.68989741945444,3,184.59163900631214,38,50.620991409194666,24.059561847735957,18.90432158691159,0,15.057828697417925,Sintético
BG-0538,4.531997967195634,-74.04416930534038,22923.380711383197,97.56251572840478,116549.04583047972,7926.047139045175,31344.48604418657,31.62953686593391,1,129.98546251125606,3,28.115208628670302,55.01668283083981,51.94022928561627,0,46.188153694481336,Sintético
BG-0539,4.764180535662932,-74.0825473466805,19618.88326738124,87.87011837488788,42375.957739466656,15538.542318576325,1000,132.71600174583162,3,93.55139566878258,87,11.119462230245492,38.25757344878608,4.686157418284003,0,35.825225417617666,Sintético
BG-0540,4.610399065058523,-73.99653187707936,25779.49325320073,42.37788182983079,84955.89103748478,23931.491253602908,65199.39608258134,120.19770296013604,5,68.11629095533446,28,1.7878626095545243,51.31592742317616,29.751954716238494,0,46.44440632883044,Sintético
BG-0541,4.488205438491186,-74.17192859407238,9911.864888063828,93.27870163867034,120949.84619599761,14397.982592747212,61682.40653032834,496.49199139165887,0,170.29436533339398,20,13.528654539770974,67.0920592573014,1.7630392580637886,0,48.279003556972384,Sintético
BG-0542,4.498163399689717,-74.04321696003304,15104.01993659195,66.94608476786493,64715.04381802054,22318.318017516885,67963.25575578187,40.838319615843815,9,189.29890962731858,14,12.532846392645377,56.95829335300255,33.37909288811943,0,45.52047809849667,Sintético
BG-0543,4.580391329959231,-74.11539097716133,10258.39229282335,27.761320834267796,32607.757834266482,12114.286394152808,110631.19367336949,24.518078158594335,4,231.29692019884143,53,23.90165623993355,28.394189937367067,14.856332326517254,0,19.70294792574564,Sintético
BG-0544,4.6035227084078665,-73.99546870154789,19817.434517451646,86.02508854902482,64712.6275789035,10322.396184236712,44405.55835789449,168.60453658387505,8,65.66387297684302,25,2.6461579705735194,6.39635294125225,22.373617307072987,0,37.95939010297667,Sintético
BG-0545,4.525986908286243,-74.08008868947381,12287.716710908551,75.01441834218257,66030.24476714664,7684.815590940919,28182.52635230777,209.27617831397498,0,149.8696058270897,65,7.041428508332616,52.271464762513084,13.3456528407919,1,38.918227205075674,Sintético
BG-0546,4.670760333247958,-74.05477575975623,12527.33914364944,21.081367594830382,83798.62973982496,14552.74838714871,59115.3493662138,486.28316252064553,1,161.5722330153553,24,32.921441972039474,38.05452893958572,1.2315110624197911,0,25.082895808359382,Sintético
BG-0547,4.547676244910839,-74.21899535309072,9185.559462360976,61.60381314128019,54681.47841279914,15337.273468829606,23036.502931135958,124.00812437317444,0,131.83162750489663,17,8.356147083676051,19.362920656662748,4.3410028888917465,0,33.30067225876735,Sintético
BG-0548,4.807904100811646,-74.00455223546118,19548.041155742696,58.338646905911105,67003.12111383076,21976.920026148557,55167.02955131654,2.914630103106321,1,221.81291886112024,28,42.252751999489504,37.0628867751933,6.956031350700329,0,42.979498811608956,Sintético
BG-0549,4.642879714610566,-74.03918918462841,20994.990399548977,10.674839936766055,55253.721529486684,19390.742229818057,26357.534331457202,269.3501076330984,1,100.5659446411179,80,5.275347571095652,50.94141704404143,10.784453900888105,0,32.66937064996975,Sintético
BG-0550,4.580953627587698,-74.06823613095105,11475.979428034207,72.79283644357979,140595.47611739463,8102.761767375282,97306.59936353649,245.45236685678765,3,187.70353037104408,1,34.178681424464116,51.36550906468739,16.864037600264552,1,38.08196086467349,Sintético
BG-0551,4.615464758698755,-74.00642664895423,16344.777040800309,64.32216240317929,66589.41537502702,16887.177452283,61836.22767521783,37.22389985010559,8,238.66079728502157,6,5.769110129666404,59.27442141511583,10.225224279598216,0,42.83397936583574,Sintético
BG-0552,4.76654167438748,-74.16362463934335,8730.558638251612,38.703677802125,43836.29239311936,6355.495081741948,34574.22930054073,379.6377249932591,5,166.8223182201077,35,15.243155868120796,85.0325113809527,36.18023241143051,0,30.75379881974693,Sintético
BG-0553,4.586618116682992,-74.02064165558754,8852.366366675265,22.80594000673304,46532.26047678713,10468.146674723665,92724.47188604558,44.91893927850262,1,179.58537032734841,32,25.155683630654654,7.9658570269696884,56.18928969837356,0,25.366696252638597,Sintético
BG-0554,4.7912428728001055,-74.0040192299748,13481.428992833431,49.00286985246977,74874.4166798248,8155.965954074595,62920.302954324376,439.6450983183019,0,142.4568742870719,46,7.508125219118325,23.710947160553026,1.696121022755041,0,37.628368912781795,Sintético
BG-0555,4.6729054641985535,-74.03674065471463,19254.455143900872,80.50604354025363,53969.62285674963,8255.421673178846,38697.60689282454,970.7488040033402,6,145.65646834431485,29,25.748602324498282,11.358031811328424,33.484408938082034,0,37.60490182561191,Sintético
BG-0556,4.621005882248945,-74.13883294851533,15133.529426317451,86.62342999916078,68173.12280334455,12110.777346299163,85102.14793310918,94.62241387175841,3,232.42817495737677,66,39.74095508678867,20.273777196493274,2.8488484532012612,0,45.26618457508243,Sintético
BG-0557,4.7767011062392015,-74.04825725625524,18298.304862625104,8.298453701486828,57727.25298486655,31858.914930300758,57418.936270457685,280.32389613082734,1,110.80378392131828,19,9.64730926618436,26.013182160035907,35.02858049384352,0,44.60679335875877,Sintético
BG-0558,4.73883124207327,-74.20961380055337,13473.048786282903,48.43109730322517,47749.104209046105,26119.457675649013,35563.010962026725,773.7242580128097,0,129.36506959041088,9,21.25852314227972,67.83884742728183,33.17770428220071,0,33.99565108567342,Sintético
BG-0559,4.534048748675724,-74.21915048416557,8236.653453660825,50.035833779249096,40060.55573800101,8955.773519420623,30887.16043818972,1488.0666997816165,3,137.73468876349665,48,7.430407817984942,22.28487987756663,16.303076756152528,0,13.061008793388064,Sintético
BG-0560,4.711669933567894,-74.13454799271209,22844.588771990224,79.34519783806542,49734.26154463319,13995.3800114525,39957.17627492706,157.31582458962149,4,55.344527363990004,12,24.890085544492912,51.90783618000695,19.075710199899593,0,41.811116301696394,Sintético
BG-0561,4.760133501237103,-74.0192281469414,14881.565867713445,48.857941352425726,70886.8239153655,27787.23991137862,38059.09433280805,95.04803741301626,3,287.67730337148186,39,14.77688463092947,28.433588840830392,12.066897653793482,0,35.63724155174173,Sintético
BG-0562,4.761103237770316,-74.1716774869243,15969.580032776727,25.802395546728206,75947.00037225471,8745.452642567709,66295.82243016656,83.55775846179706,4,133.10140597256387,12,29.916378069842185,75.48110321855872,25.444154461435208,1,39.87064400587889,Sintético
BG-0563,4.520263376802248,-74.1154232332497,20523.489341920624,38.77606286968534,44961.90380827963,23412.988392551102,85326.96748649047,454.77467334091835,4,67.81975920374215,5,9.2280437469383,79.78940548319628,23.016437917229606,0,47.84845755333809,Sintético
BG-0564,4.765553876264642,-74.06861396173593,18239.927062213435,34.94563386950196,36750.29971950284,13460.579647203014,53478.8896947834,404.0346977689496,5,165.64185880010734,18,17.79270822835535,27.281616547251797,6.229741258745572,0,29.471910648791326,Sintético
BG-0565,4.616202757970664,-73.9921895602188,22019.208278343925,47.060218650606,101861.37823820645,15487.666745056467,90722.50468916976,110.93157755388104,4,164.8397757203316,18,25.955162450644835,24.867116409246222,40.92069145387411,0,49.02416867766501,Sintético
BG-0566,4.72018228196933,-74.18316159897799,23032.36140893734,62.42267349173473,78215.75665343051,4940.061225571818,18898.72615452472,344.0589757773767,5,114.04296239388808,8,11.638806383539222,45.718563418508786,34.654807692763,0,30.170301461923827,Sintético
BG-0567,4.674582645008642,-74.09470304977006,9621.384678340823,58.20023166961439,74096.59816545458,18174.009849505845,104870.94712563606,931.8181943678486,1,127.21525272273276,28,3.8311947072686467,4.676430218275448,5.128057164791418,0,22.62967532080366,Sintético
BG-0568,4.742021182012863,-74.21340548607157,24202.723112671207,45.84865825548658,71888.54997857526,15630.532264902304,72606.8710466522,1931.9797563780928,3,24.85910853780967,52,8.292918491302796,58.444320215409775,11.299073665884347,0,37.25279594876407,Sintético
BG-0569,4.601748364194088,-74.04971503925536,25139.221022496466,52.4894072829158,54038.40509144648,10986.144921931425,15772.48687042906,152.23778899724277,2,246.50819642041623,9,21.655020035930267,52.83458606297491,42.70438384149071,0,50.0294091291111,Sintético
BG-0570,4.779471540073461,-74.03326465411993,16025.40647495888,22.222149085994946,79366.81128927019,6077.093678919354,29963.09348750139,1159.750602420035,4,105.01000099104584,27,10.733869036252587,74.46751343363697,46.47015407064515,0,21.89676864389149,Sintético
BG-0571,4.501599404257272,-74.01878482842231,17370.94131036104,45.29341744372719,40607.40245835205,23073.605190416918,51771.02120860212,25.88694468928275,6,110.10401858804184,15,14.539341174436654,57.77310217791845,35.64457332086835,0,40.6070996413968,Sintético
BG-0572,4.480781861607342,-74.02134328545334,19821.727876313587,74.61760354810787,25000,9584.371198107598,110781.7561651937,237.37195220320584,2,364.08840493840466,3,16.797876201780586,88.16247431989561,28.329622104618945,1,53.042337776917414,Sintético
BG-0573,4.526132371648993,-74.18857508269018,32062.6283683713,66.00614861398267,34139.16428633958,21406.90648233979,64683.23554217173,399.7502755516261,6,128.4193211947673,9,8.681811708224862,35.55794731772702,17.579680709127615,0,54.021278749875876,Sintético
BG-0574,4.753413463095596,-74.07983526161443,16032.545903601396,45.5056122705292,120679.4025329923,19078.630035877086,47011.66839772744,254.0165530994221,5,197.26829536607636,39,17.108334644993743,32.70254589931349,12.072133000002623,0,35.038208680567244,Sintético
BG-0575,4.747761631039814,-74.01936238812577,9287.249352063482,64.42188101628983,52354.23186944514,32266.46296763425,25822.50763709021,884.1090147078102,7,213.33449962151252,20,25.068997087538392,6.4081216327044235,30.36634642752641,0,32.05606458200743,Sintético
BG-0576,4.533262437715562,-74.11473668777506,9060.436998317236,70.03893630409532,41569.9242935029,16805.36743548643,65170.808898782525,11.122343709709545,7,169.88230608176784,28,15.221668838650343,66.26182987595321,5.86675161942268,0,28.772722870425692,Sintético
BG-0577,4.640320320092033,-74.18180938073803,16726.414022709436,31.137692591544813,69164.49172932832,18288.920404970682,71136.80757701599,358.2357985472953,1,108.20830872372942,58,4.696467218627745,37.95328783508249,70.01084099417211,0,35.21327933203759,Sintético
BG-0578,4.651913217215266,-74.06706293114735,19006.331104044075,68.06262718969047,55214.59354771614,15608.555419716798,45158.30388654783,923.2802258722309,1,182.6962151249212,21,1.7406752237013363,36.325204378292106,10.309393296796683,0,37.719735668084404,Sintético
BG-0579,4.549740289787793,-74.06230023769336,14160.783700953138,12.484130627842571,104445.11256236368,10332.25861871048,33334.84174613262,330.18239814420093,2,180.5705491058162,19,11.755161394711633,67.14506211781134,46.91608746921788,0,28.315643312590232,Sintético
BG-0580,4.567657766123571,-74.01407669901232,20544.633760973633,77.52595108899662,25000,7203.257604462439,100605.81766832032,44.1064651341436,0,85.86618469315471,8,6.397289510557049,82.06294781117263,45.61848963705831,0,50.11877247920308,Sintético
BG-0581,4.661430018366785,-74.0242505894947,15644.295503726396,36.45930404995065,119688.14215809449,17057.927557188515,36624.070698450836,235.13555817230426,4,185.95048951628345,35,11.397898087892585,32.06270355377629,23.78349063990253,0,34.695082354692246,Sintético
BG-0582,4.597093955238357,-74.18153923973725,12614.930158912586,83.5607677835007,48749.00565610497,28971.44119436695,49147.661205158074,328.7096278377866,5,167.40125805432479,25,14.989932168372244,9.971482574548943,10.089655003305705,0,48.93151560256297,Sintético
BG-0583,4.5426386798352505,-74.07322514767486,19093.48672681804,57.72312701371207,56721.520324910474,6776.242742690239,63864.66453157325,134.749161100962,8,104.90025855960316,46,51.808968485746725,68.66195052458013,12.444513066008838,0,35.27905648174873,Sintético
BG-0584,4.599399280219241,-74.03766897066154,18484.622999411196,53.98722196864739,63108.658435583304,34047.197058819205,41267.78543642814,391.1852400936541,4,122.46395535693316,53,22.112532349643978,58.82303748385959,69.07949194219037,0,48.33264593139769,Sintético
BG-0585,4.795399499755431,-74.18211164343198,12167.698175355916,69.21564836835556,57744.68257705781,8124.524521023734,85620.2909427656,10.086602034210383,2,316.931299475417,20,29.471776923532403,45.33414847204054,24.639948174206683,1,40.45472983279628,Sintético
BG-0586,4.6533793934375485,-74.09224292723046,15644.902262652413,34.08268240202087,42137.02904379611,21610.546206711937,69827.0015675851,121.15196249368351,6,47.32365184525318,33,14.346759535135348,16.88724995924886,26.738598657022873,0,30.351534104141027,Sintético
BG-0587,4.53209690568402,-74.08022051495142,15635.736349055887,62.45302954926542,25000,6775.948179629463,47512.94457481494,41.1054910943343,1,76.70789589846062,33,11.63241591881769,56.888994113561296,55.032219114919414,0,36.18897309541035,Sintético
BG-0588,4.786324403920628,-74.17995495260584,16338.411618204109,52.361751721892404,105608.13369668175,7564.133612181499,38159.54810855045,139.01637005065172,2,174.85021164321947,12,10.960685653049545,12.02939131312783,19.690890975816412,0,32.8868226240384,Sintético
BG-0589,4.527361827780475,-74.13101877963496,17508.184211323034,77.58513344906788,86429.69163533434,15398.151337438518,36692.99487130458,71.71829704613044,1,127.59699841184661,32,10.38787515763314,58.3746250413696,1.1917488209454203,0,42.37212224999636,Sintético
BG-0590,4.582703920161405,-74.04054594497642,16778.126303539528,29.3061349605155,33380.97399265055,16533.100200915465,59648.732922730866,0.8667933326258931,5,178.74319830421405,9,24.211236444776095,38.4196159025726,37.18302325932532,0,36.57208053181765,Sintético
BG-0591,4.812321448578286,-74.1885552208806,17808.96172535999,87.52807374553817,32520.939456040014,31254.493590452996,76563.47415936021,52.86501672982502,2,108.08008062842957,102,23.47037411804651,50.77567279875639,11.55012514727285,0,62.38347137019157,Sintético
BG-0592,4.589191740021919,-74.0940888050747,14798.696045905668,59.89125447447999,98765.7900785245,4143.403500739811,49976.360191406406,234.3090976411953,2,108.59601091113052,32,2.62636541262039,28.241509325828524,8.581275229825339,1,30.211679546624392,Sintético
BG-0593,4.489832121724236,-74.0483147397912,11987.770011068777,78.04802608579179,72555.50076977951,11306.278055517681,64283.26120285251,292.97798475806815,2,93.10145513952449,9,9.160888206291984,28.893757993302003,65.9798395652471,0,39.80090977677903,Sintético
BG-0594,4.626568077142087,-74.02086631206875,24033.538284589686,48.368546355490736,48189.86151412163,16523.098320505003,65517.853519939155,158.29802115427924,6,151.80057397835984,25,24.555957148370503,5.761786909718818,27.67884080621267,0,32.32063661603556,Sintético
BG-0595,4.758263967100807,-74.20752557747613,14117.539025222859,52.29436439644228,44146.6232829456,3988.4729101616026,76020.07514161235,124.9914057052907,10,78.00673517346517,19,28.872954109568415,23.825806240065877,58.64539062421692,0,29.04125014516755,Sintético
BG-0596,4.607017304595664,-74.0212756447528,14551.924126906017,43.56568689757495,33748.12032556388,22362.38218940227,127102.36377588288,65.31262640809153,2,216.9067821672844,6,19.062955279963244,26.72529707324672,42.46253012111504,1,56.676553506728794,Sintético
BG-0597,4.502903628171008,-74.1881867928568,17309.67934284425,71.59730560852734,44713.33821528822,11160.942799939461,54875.14236886991,96.13844072622412,6,153.59724066916058,4,6.933103416813852,43.38190059571225,5.886730086639151,0,36.570698501641466,Sintético
BG-0598,4.488169124805771,-73.99336451489323,20157.090265964278,85.16978024958819,175315.54347597033,12894.318959403652,49782.77821476697,649.678523192004,3,209.98323565082333,31,37.30367842808366,15.081533156462495,23.59459457699142,0,38.851158840270806,Sintético
BG-0599,4.544916941505893,-74.07410975627197,21490.39678300477,49.017655918337056,32122.011591113493,3173.9311164316036,52839.53307344067,160.59769783995387,2,262.71717799002386,17,31.275897710838784,37.74534218189029,58.79637264073406,0,44.91769094175875,Sintético
BG-0600,4.813523890462543,-74.10100740868683,14561.405893549521,64.54488309103897,87583.79500137562,21732.956600051202,16159.14034074041,856.1991267432522,6,132.94584256039514,14,11.231357735087128,39.97633878232715,9.262925487408523,0,31.53741273937872,Sintético
BG-0601,4.5759781458536954,-74.13078384703367,15253.481986911958,35.25703485745985,43823.32331886866,18070.00036243743,29941.312523036293,708.2250545147414,7,100.16122654574511,13,12.227562906670943,13.93427906418494,32.33006957331837,0,22.070790093507444,Sintético
BG-0602,4.63881935028868,-74.17619801374885,22045.729941716192,29.5489375221981,94593.60741065837,10498.518359172203,84598.18510289413,1259.3097981137232,7,328.7015292144231,10,25.178644142018644,63.61304577439139,8.545228561923206,0,33.34785402684652,Sintético
BG-0603,4.723551515426985,-74.15590864544818,19212.158891950752,44.52167281232566,78251.65940703228,16045.671541913547,83114.36068827666,643.0636546107373,12,201.4283068763155,28,18.06845847649334,30.61861441142572,27.240052494548166,1,40.781905214121295,Sintético
BG-0604,4.689097709972828,-74.13567153643788,21618.53615884655,32.76548968422717,37194.33115165232,20349.806673636398,27814.34255031009,763.9189750035866,4,117.21746779516273,45,16.30762253945362,74.75179322277997,14.271608061682045,0,40.43708634809392,Sintético
BG-0605,4.789309921669437,-74.08248912643779,24118.970989799724,36.91548721566405,25000,19586.176095781895,56993.778758998946,268.2317401657831,1,116.95827622109245,30,17.387867094976492,37.277396091577906,19.99623103826461,0,32.28306792662983,Sintético
BG-0606,4.656272209795383,-74.14861307300363,12549.604600263074,60.088320921604456,101658.67193289207,3917.1992122203637,13988.299983770363,152.3275715590486,6,130.6590442489012,33,7.015436952009214,8.17656342268996,27.27984780406406,0,21.239665497553677,Sintético
BG-0607,4.630744874009148,-74.1937896464971,28850.59147016859,94.5452998505584,74087.32627932468,12966.896350856094,59359.37353503543,83.20116518868211,5,114.66974721749264,47,10.071513526285612,39.32410764110029,5.916303373646971,0,49.13102539367086,Sintético
BG-0608,4.814608306841357,-74.04496258585469,14612.798741013205,66.99339373762658,39448.8949674189,6452.069006957717,153748.32963950024,15.545232541844086,2,111.2555864682164,16,12.91239958130801,23.42666361978197,24.086937127542125,0,49.80670704367989,Sintético
BG-0609,4.617882255883367,-74.10826099419413,6150.5456751366255,53.24092279117158,53636.181589667875,21762.660429842625,18792.836581182713,446.6526141643434,10,101.00034102570126,13,14.015997794783601,6.124452638525795,4.425579991780293,0,20.950268735050017,Sintético
BG-0610,4.722802734396188,-73.99748513139699,20816.349302350925,55.067377083737554,41730.43019166301,16306.07672196955,38702.339938269346,388.28084584804515,3,171.99966646511794,33,8.852665521961033,33.67373447428663,3.694563156879144,0,37.14563401036182,Sintético
BG-0611,4.511556269390064,-74.09743832736073,18741.412951886694,24.47464779142704,73609.34957436456,11530.609098355637,27699.955058372525,1240.8807970287182,4,135.8355096005511,6,6.003675368208549,46.038686296885444,2.126741104516836,0,23.284340785992107,Sintético
BG-0612,4.698663511456901,-74.14073520359155,19590.868569793864,34.61713237966369,47934.784670881374,14071.904321776032,23975.35299679195,508.1243685161796,4,156.88312194124114,40,14.360389490426632,69.15386273598477,19.5887488466499,0,31.416456925806166,Sintético
BG-0613,4.787094159629955,-74.03853325964582,13638.24229802401,52.50739240314891,64962.17603002208,30009.510584661537,89233.9344354602,92.99990090159874,6,108.57169397415409,52,25.55674010304065,42.365725713877524,8.069308349986345,0,44.089907052146295,Sintético
BG-0614,4.658338471354097,-74.21894765263355,9382.998152208474,31.926308681629546,66751.77361717985,10953.422372463345,46529.48186062615,381.7695033349469,2,136.94778734506463,60,5.217688902383655,24.20323723150119,55.3468101290352,0,23.091612437097144,Sintético
BG-0615,4.6958783145850855,-74.00792024843817,9652.566147235499,37.29253002983155,25000,2248.684402023912,9490.665839668687,85.91378753088698,4,134.77240475407663,11,8.088099018958893,10.505531818055893,6.62181856548376,0,5.73234991173851,Sintético
BG-0616,4.703318922220778,-74.08749597536985,14874.970616030096,51.689003477848274,76770.57907678571,13968.921174168432,65089.1420075546,49.420865820121705,0,113.41728968413231,48,14.200842545935958,58.351975439639844,5.465063667312831,0,47.34645744183889,Sintético
BG-0617,4.634276860933772,-74.21281235447172,16761.996220335666,40.68832373080729,55686.40894446804,6904.860035459469,49814.727602903935,1388.3508678928215,6,222.17591041874326,17,11.051823389954528,42.25276274674778,55.33844685911375,0,23.606823640451175,Sintético
BG-0618,4.585659986243394,-74.21252819498015,13038.938509697982,37.52992665149634,78497.26316458845,10585.253768857698,106482.4795833972,1277.706681251323,1,255.67320456154002,33,9.326175187017544,34.14439394448751,17.591820808521668,0,37.86578329791911,Sintético
BG-0619,4.7408169441384755,-74.11844041446538,9555.309933984427,33.98017835359234,113271.20391461498,23447.513898504527,33156.51330158874,900.9015922772895,2,195.08105807213065,10,9.20091731085201,70.43799779437873,20.41683553032992,0,32.929221646462395,Sintético
BG-0620,4.533288505474501,-74.08344809445376,16661.27595210047,40.98453820583928,76283.61938929599,17155.44411427795,1940.2163543931192,433.16069433590786,2,186.88029783509032,22,28.60545743520696,2.7195614652197673,10.051454246946095,0,34.2713806358147,Sintético
BG-0621,4.5852907202907165,-74.14036937413726,23068.867720726943,60.60550313717429,80503.63111306918,19724.631018161122,29754.412814560295,220.2461195352365,5,126.82065303989742,48,38.74037801887166,41.26699741625314,6.61337894034484,0,40.82392202049333,Sintético
BG-0622,4.514187015186752,-74.14858399304205,17905.468743887322,64.17905162176588,26796.07733457598,9877.410050369472,90543.48022955602,468.3431081584938,3,191.18426326987344,34,4.907964982479445,64.29664300481038,31.450787580752305,0,44.89962179204943,Sintético
BG-0623,4.808618023552913,-74.00993531069135,11158.055670326412,24.778264349562054,135403.4291621536,12649.184412741835,48579.10146703536,316.2938018758764,1,234.59618275251927,38,12.814498098250915,20.606644014798167,30.98100534912081,0,29.799002264695766,Sintético
BG-0624,4.71268081289306,-74.19324432553155,16702.175973553327,54.48152737798133,54803.74127919896,14452.135255406194,99444.69154768673,243.9885122484264,2,85.74461530137533,18,5.714771435588833,61.69970089950756,16.49780220367944,0,36.09807154195651,Sintético
BG-0625,4.554260198029045,-74.15172292106726,15646.17596808432,41.281616330805846,73939.85091446651,12097.939913507405,59426.518727479335,1949.1337924858049,6,57.87246056910125,19,10.2806363679128,12.809339093450447,1.9863652508452356,0,12.802122941015096,Sintético
BG-0626,4.6165319499957445,-74.16778696955203,21382.722386670208,45.82089328024968,25912.406216600895,16362.50914567663,39223.254897564475,106.00156968772325,0,69.40500520904467,45,8.324516942530819,77.79033118296088,44.82408978214431,0,33.891463690705834,Sintético
BG-0627,4.632387860259257,-74.07905094476273,18587.34273637863,63.803710998769056,75724.19941972318,5812.2155057489035,88267.6207107767,47.27486795442512,1,270.37298804696144,51,8.249861829820752,28.3789905157063,36.177611250819766,0,36.58845952908304,Sintético
BG-0628,4.604617940359958,-74.13894820717584,20060.221428197357,75.41743838395631,60236.18392048961,32648.537476977315,63376.37951254883,915.9753728324431,0,89.86012077891746,67,20.336882813083736,10.264361573596203,17.51946497982793,0,34.69589811634744,Sintético
BG-0629,4.492454527739185,-74.02498651384975,13881.902428147543,42.04605317333043,43237.273122583836,12918.63306838451,67546.83315143171,983.3803211934875,4,226.12002578627067,28,33.35393357596124,78.62465910636749,2.746661848337069,0,38.960725638896065,Sintético
BG-0630,4.502701414778674,-74.05001758669391,29086.874626330493,45.35956090748401,55518.53946316006,22984.880417669538,57071.79810460146,127.10038182802609,2,214.4557305923401,20,11.85054005442291,61.69813253160762,37.478685344661045,0,52.70414021643502,Sintético
BG-0631,4.583990307772184,-74.01715626462325,11392.414397560991,91.84120308736156,113806.74821958816,23251.079072889916,62332.111709597804,934.899457831971,2,164.05030573206787,14,16.2591112631254,24.61993837524658,1.2672085443699044,0,37.18035958182618,Sintético
BG-0632,4.729891596804072,-74.0026278216229,22480.192081687306,87.00517738304966,27529.374064827432,9587.770440415083,37964.18399171753,974.6607853915439,1,194.00324163296156,17,8.266093211210254,21.39884855738777,32.31774412844573,0,44.214509396447184,Sintético
BG-0633,4.7035058030645756,-73.99462881321189,12898.263087989015,84.11559293663844,35765.34834314327,23423.284246718184,49214.63374781666,161.92821084769213,9,203.18185389839925,30,6.989544606155708,6.996801663629458,10.57757805820523,0,40.702684339011,Sintético
BG-0634,4.7984240914855345,-74.1226118967832,17961.709546085505,53.281722950168565,28681.35884873972,31074.024066216,76687.13899456848,153.1429686562758,2,148.85780962270096,52,6.411018554893095,34.135958987900494,24.967447881592054,0,49.22583601118995,Sintético
BG-0635,4.754846802078712,-74.03325486208324,18270.85657323342,50.67639352428124,45696.657382292535,30827.681504623157,40503.843708292945,1534.170682573662,9,352.43273349650804,85,36.50853254941788,74.98058493674607,8.30152480560175,0,39.88031580836547,Sintético
BG-0636,4.635688319074842,-74.03540941479524,16009.649440725707,76.16445278611444,60613.47129859765,45895.79926672944,71915.41463465386,396.0366220124877,3,180.29671959178793,46,22.042908650490944,18.728967601987584,10.239294168028563,0,52.56960598877075,Sintético
BG-0637,4.594485598007919,-74.10950007564774,13014.230182609957,77.67359117273075,56322.72040864473,7195.533598488124,36472.74615231886,347.6613663618195,6,124.4446849345433,40,20.07043722859173,51.52464549781913,9.771921140195646,0,34.14202771766074,Sintético
BG-0638,4.540502209890169,-74.09097228251423,25322.77839028734,66.02526096676824,51062.94781174181,8191.20752312259,87285.41842913805,823.5684609201755,4,103.32606818855665,69,21.88425191891552,34.465457098602585,31.88399648724647,0,41.060575748159714,Sintético
BG-0639,4.4864414136471655,-74.0268233490031,18596.406085956434,64.64438778219618,82922.42168490551,34260.1199314043,48644.07377223004,311.94133295254227,1,97.74456942223111,52,9.471648969236663,27.251148038072692,8.766548253521124,0,44.34310056161248,Sintético
BG-0640,4.629513104640495,-74.12301384582803,6613.239602181817,41.498353122772166,48798.1558333237,15055.976410288515,92149.26361051576,206.31488680792302,2,185.85693222374672,29,16.26843524708711,31.632752553669697,15.796458552020617,0,34.348677201635844,Sintético
BG-0641,4.622763133865407,-74.11067644659637,26916.208843003355,17.244759551254155,45845.63472965932,9941.819352211676,38289.31868330922,267.58862496721946,1,73.20521984916446,59,2.3319550655623664,30.006596668822077,19.737741806536977,0,30.759603906982953,Sintético
BG-0642,4.702596004184012,-74.12278672036487,16823.944614552463,92.34532452243651,107550.99404795053,25626.611664351578,45861.99190100011,34.41099616293367,5,175.7970680223231,69,2.483755098357557,79.70033007646722,41.170868612949256,0,63.105017684336204,Sintético
BG-0643,4.653781388592218,-74.06614619731893,15392.0741818951,49.892556302274386,27290.056123898245,13802.590504084044,44610.25480142793,1602.0804713982664,4,192.31978101786328,48,7.71009859810846,58.131871593582865,22.841491469523888,0,31.546291244122116,Sintético
BG-0644,4.680865464694223,-74.19923360401194,8314.555164331967,58.23451273453224,42046.56230364726,19759.627144476774,8042.766895171615,955.4523394142226,6,158.94458681388528,21,29.836651378524273,53.20586824997993,22.896673585633433,0,27.445574812821416,Sintético
BG-0645,4.588215101374194,-74.03261560516012,9044.693377934547,74.14989365084502,25000,18901.598115714183,91400.04317979916,662.8426413557347,0,132.5054592247429,71,3.912303731961639,65.45471967898047,46.149173215819935,0,50.07875936493175,Sintético
BG-0646,4.728995461008442,-73.99166691783742,18348.562272598312,56.1558637890436,68368.10502060424,15891.897181024711,121179.84959268481,788.4504337494435,9,86.61778282767311,19,15.365868725095437,15.681504725800458,22.041557498894566,0,34.59814983816211,Sintético
BG-0647,4.5099033052353885,-74.05619169136169,22153.558629176136,43.264796697869116,38248.49018166366,15152.663943557292,37429.60551764063,1855.9660290990337,2,220.43547065612526,36,33.50271378232954,12.941433076933498,33.35214974053485,0,23.029760933853854,Sintético
BG-0648,4.500016965898562,-74.04663625862983,20846.253955622415,46.08170120298824,81731.64865007611,8496.259232811806,99798.88937592284,69.22009203001906,1,136.91478071958275,12,32.879599002700935,39.71322202164485,78.14298783258538,0,39.22694826700163,Sintético
BG-0649,4.7518820093245004,-74.07432894667855,23298.145192157204,51.19116953539374,72151.2219627798,4545.102268314572,64485.34326994563,1024.9438585516104,2,161.25611997484236,63,17.803837723440413,7.603641454471798,50.072855146408436,0,27.169886354358866,Sintético
BG-0650,4.485418103441929,-74.13257623121066,16203.043290513362,81.20629251538291,51224.58070942834,16228.067862936057,79227.40860419914,495.4206940029068,4,281.75423312410356,20,34.2108554094825,43.19204346226462,34.55249119886075,1,49.3928446629117,Sintético
BG-0651,4.612379960746026,-73.99943423455903,14143.048213377448,46.651578594302684,112315.37168442707,19251.192382870362,47735.52639672651,898.307418059329,6,111.68299665638932,20,24.196217305894507,53.774803983369544,26.13832790806064,0,31.0210083687776,Sintético
BG-0652,4.75501888775484,-74.05185229151704,20153.600482799357,46.33244552687753,108792.49877814943,10298.682744216478,56519.71083759713,547.9225199872136,1,161.27076254927252,17,16.401019368486363,42.48594290279323,51.07437917252853,0,37.058947981658584,Sintético
BG-0653,4.7863638502400185,-74.04516859169523,19300.775505462025,43.85711943439943,46119.83412325181,12152.937475018141,45933.71074631081,995.9783764968929,5,185.0805996253081,20,19.76853340364729,69.81699717030901,12.610702393247342,0,34.58115153931997,Sintético
BG-0654,4.5921160304836794,-74.07544310624534,23661.22303452863,56.403104852517714,27375.042390071783,12706.026648314788,72809.4375783124,52.649085441456634,4,119.63847825462688,38,7.929005832047722,47.26647920543924,15.144200142579239,0,38.784437826918285,Sintético
BG-0655,4.492797310718841,-74.04552178532352,13743.305874995596,73.47719806024334,41394.68439577214,25199.304965763804,64644.743823893434,76.94127922832834,2,175.8030629287297,16,27.36061295211628,23.415558967158884,13.82120612390601,0,50.74800622321598,Sintético
BG-0656,4.733936078587398,-74.19600481909838,14206.318784467418,65.919087672495,48306.38369068941,15275.735978134679,101486.81579263633,731.3167234239999,3,161.7086912508709,20,18.77772183215256,59.18166292150442,22.338623126146246,1,44.827833037574365,Sintético
BG-0657,4.813579160489642,-74.0177198459753,29567.338986701983,57.90095669373153,82190.2387591481,22091.22617001793,89363.02408399021,334.4619271752917,1,105.38310723155242,28,11.251000201401908,48.52610148926837,28.699403399227624,0,48.97896388319675,Sintético
BG-0658,4.5032973710602535,-74.08830507661517,14835.4032564651,85.9126716028504,67009.87219290588,25937.11763585361,52916.98981756736,433.8957909203713,5,151.56748686982218,23,11.037813774318034,61.20274883381085,20.924982562190497,0,41.9657992353207,Sintético
BG-0659,4.671650281097034,-74.00132762981654,15024.629623221153,53.844774991518804,34540.830314703504,15972.040531579287,64748.15403856197,48.845035237201266,3,229.02062337885206,17,25.15705183685648,19.001572867488843,23.255985637195668,0,31.12609858177842,Sintético
BG-0660,4.64585131753286,-74.19809694379191,6125.354261103965,38.27071458760249,109169.01803604649,3677.8336195275833,72986.43769980635,647.0693845735664,9,182.1968141336447,22,29.85420256664047,33.99787878567116,14.68193122488857,0,16.370600381463852,Sintético
BG-0661,4.696948437263545,-74.11787089414572,14682.453758884396,28.66715072414393,57298.09545563061,29839.254855393134,36347.17095346313,340.9834757246811,6,112.14789788348116,22,4.516466253343226,52.38224209464192,1.622454248975401,0,37.94151118616306,Sintético
BG-0662,4.586697458111997,-74.1974906379617,18993.49014716963,65.22113667092441,67426.49048838021,22216.39976615853,29118.497560967946,234.93931062632782,5,167.68767743071226,29,8.472282249484742,11.424957710080616,44.66511751611339,0,37.94860334598712,Sintético
BG-0663,4.585361739814947,-74.10672525259771,13867.21762031588,38.20257631265604,44945.831230199525,36255.63907181867,34632.198913590044,1387.6964407164521,1,197.86104860636902,43,7.801581386827241,16.420455349195397,12.94960371319361,0,38.101462256387414,Sintético
BG-0664,4.755324561156639,-74.00242557517576,14040.895568455519,19.474096209440553,124329.91423195614,9133.28390666404,64193.0339973555,163.3834711235228,1,238.09285642423697,20,7.949729721181925,28.346619613124464,6.184234100196699,0,22.292485131590723,Sintético
BG-0665,4.517187648244668,-74.19756217976378,17401.92372685668,80.9754103184117,89357.09753534979,8575.000623470178,81924.48934269864,433.15942385879794,1,152.38285320671986,25,7.01184714022389,28.93771700721162,16.288522404826157,0,35.27709693276535,Sintético
BG-0666,4.542758591253992,-74.18113368857956,17876.207068574688,49.27134053558389,26358.830630998942,16377.72859232272,54900.140966416184,627.3912771864634,2,139.90550424329956,41,10.42469985628332,8.235945701249307,5.983297005749149,0,36.079739507204685,Sintético
BG-0667,4.567278886206581,-74.12123806329465,14419.468448863496,79.52583511491778,25000,28111.163604930636,113643.67736170602,533.6240288144724,6,114.54878754504985,65,19.89199071466818,9.220122334527503,17.145308966181666,1,48.47539241738056,Sintético
BG-0668,4.574272483285901,-74.19289088986093,14569.404600027126,65.15354917070724,38708.2907913088,24702.355611022824,55433.808894032,299.6447237850306,2,43.703337617954276,56,11.536296864668252,49.858744493506165,7.415775318402545,0,40.41790037111255,Sintético
BG-0669,4.488839422299473,-74.18252739325976,17907.90877966698,25.815108058799275,86473.90433935072,28922.00464816364,48215.21056850987,285.1019779197228,3,207.31797911175573,21,40.343873900763256,44.438694182259944,37.50074843016849,0,42.32337752491818,Sintético
BG-0670,4.737058416824787,-74.11568452950037,19356.549447255966,37.57830275913513,54443.35125871952,31622.949984718056,62586.949123507104,268.5703061210723,1,104.2856186246316,25,19.08796755470431,36.908793859836706,33.084745671478906,0,39.25114577096085,Sintético
BG-0671,4.752677556379539,-74.02594962204303,1107.4069035905031,83.60091816064963,46287.09569484626,36992.78048118206,45293.070382512204,52.43523681911678,1,128.40644379380132,18,13.874900847537818,14.75278505548959,12.550453867020314,0,36.72826278180655,Sintético
BG-0672,4.687010724637956,-74.16070114068667,13978.209782113183,41.38116293100082,79532.67950679362,10377.647808328427,45018.91870456809,333.3819276104172,0,152.08021316405845,27,21.29573305901373,35.20310353697676,38.09170225197868,0,26.15245382429426,Sintético
BG-0673,4.738158391125824,-73.9926781224292,21224.390262618468,31.86939448373971,43428.190095847116,10682.119410653782,75871.38604203315,22.377709900119214,1,140.92618185275154,65,32.88106277058495,29.36980658221035,18.565759467004426,0,39.95747519117714,Sintético
BG-0674,4.510716946619926,-74.10365488790694,16891.438116730245,19.533053598641878,45715.37771397542,27098.40238943827,20819.330284638127,1371.778661190385,5,166.35277213593344,12,7.463785034650542,30.618172558459282,37.30093932411486,0,33.77772062054407,Sintético
BG-0675,4.725516282920772,-74.00128026500408,18422.568045369226,22.357735682647135,112347.51017129753,17848.150981782397,53455.1342103094,277.9218001286823,1,79.10358755119,63,25.719778847800917,37.920834262914866,27.944204171020733,0,33.658921258044906,Sintético
BG-0676,4.494051332330638,-74.09877365907904,13489.101312278204,50.43111729502387,37740.05310666365,16756.603440565712,87717.4869756013,29.645389250270924,3,130.64316168954585,58,14.480615738654368,50.06311099485548,1.0619251364311044,0,44.224643732330264,Sintético
BG-0677,4.7141901241900985,-74.17028150125208,9202.804284170976,75.1071855616476,35145.443652993716,13124.036564675802,61066.558331298365,259.034219569974,1,184.74234633017582,28,18.83163378925137,66.03394690379287,0.3120497756211887,0,37.43774044282091,Sintético
BG-0678,4.595758388130942,-74.1828491727525,20521.002316147453,73.83929825427488,34068.20614094463,15421.987958778402,26316.957809491385,8.226901688926432,7,273.91579146169767,19,38.15450086630208,42.09868335724249,3.025195466559918,0,41.28958063683314,Sintético
BG-0679,4.727389863229102,-74.16580407951223,21429.304625605553,84.45613231828762,69721.74023154938,12290.659156128439,53033.147651705985,75.6307388855046,3,145.61264557745668,19,28.89662669069231,17.14736129042798,3.360202906154113,0,40.7463829322447,Sintético
BG-0680,4.725138295568119,-74.0894464446155,18415.406267119823,66.0528884557815,97942.92364287177,22915.647981583374,82984.99718208452,56.51096240876487,2,61.31971078021884,36,31.16239394750457,62.643604641712116,3.4896747107801107,0,46.184274288357095,Sintético
BG-0681,4.567932384960774,-73.99919962987866,13303.352784811623,63.13859266638251,28530.19651095563,10475.979863056891,60229.796552968175,1765.346037063144,2,101.45525553207754,40,12.617275637619946,81.30955081873631,3.655758509235306,0,31.338888147903983,Sintético
BG-0682,4.744986624720204,-74.12738267015946,24775.270218914848,28.72284144559626,72053.07570661532,31658.208450176575,87681.33146575394,434.8745375403291,2,160.42840408197523,47,9.610666136248366,30.863407056342428,13.173192418341861,0,46.50484130538535,Sintético
BG-0683,4.770248358190686,-74.04995140285111,11592.931661025208,85.35642177766674,74974.167202282,9904.320702538567,81987.20242439226,43.60231553244648,3,118.0729268379088,9,14.33680080160762,53.351318263524405,35.95865015197642,0,34.24395705849881,Sintético
BG-0684,4.512584778654652,-74.21348241677792,15227.039455718852,47.06457449192641,96773.54280703954,8769.869791596344,80903.66206221703,472.1846215129846,0,99.8729729682253,15,2.712983622323181,53.06771245661936,50.433576317752774,0,32.009688774279745,Sintético
BG-0685,4.811196209514512,-74.0782118092926,18270.027744497595,74.05112053913109,55938.80380242528,8229.646572854526,32947.8822324921,769.4101289512971,3,94.85175136103628,43,17.430699663735226,28.43238344765151,18.687388686476307,0,27.623362616129295,Sintético
BG-0686,4.6314334779724255,-74.01822917522647,13769.464150038519,49.49636570816508,30423.336336485227,24595.681173709287,71213.8796860844,384.73262432132816,3,162.65705465337803,36,24.87885964140829,25.77021189639113,61.21139859938465,0,47.24304577163974,Sintético
BG-0687,4.62295778823292,-74.08294656104951,23802.916156092328,60.83820776351324,57834.80555040584,3174.867289166728,69418.90992355306,71.52836476716075,0,172.9923971940321,12,23.634910302389322,85.50100150054601,3.3228082386166187,0,46.42554778242805,Sintético
BG-0688,4.6785560190215385,-73.99261150456198,11359.254334315188,43.64965687106892,90106.51335893142,16319.259549338782,105202.55369519521,200.0428206894519,3,139.8015179889826,20,6.360587298308109,58.459785043170655,29.887402438521804,0,44.861125328232134,Sintético
BG-0689,4.525798923066457,-74.09827112516741,21839.235030869262,51.745680825201,58793.228151833704,22222.196899245497,51256.133446161715,342.15659344788594,1,124.28296118319619,12,11.261285011723869,66.3391898530264,37.53965013612145,0,45.24689910157787,Sintético
BG-0690,4.767856202338872,-74.1276638340566,10411.612090439914,80.58477792014762,25000,11802.734308734734,75435.73686718024,25.73707308717052,1,128.5005688309706,26,13.25771103890331,15.631883880475005,6.491360998285341,0,39.298680594229204,Sintético
BG-0691,4.5649359785966634,-74.19018296627979,19906.210714892637,50.66045636609216,35765.358249246325,18512.744772000286,34203.898859474626,1077.0102508487214,10,144.99374136047868,32,7.766725953511267,51.723713801969886,35.5019152855015,0,27.281510190629596,Sintético
BG-0692,4.58980608688223,-74.09311927790662,20401.460348020995,68.56727014448467,39439.20907477072,11114.83225340592,43798.47536052919,540.9733709569227,2,155.5149731366402,5,39.032187394012624,21.565856102239007,28.872749787768598,0,29.358211896692083,Sintético
BG-0693,4.5696560559751696,-74.00594374448077,18997.246697449504,35.51706617399057,110311.00826161457,24638.655307456662,42748.643045020304,450.3635700132844,4,215.3742987980251,33,14.905545333441657,11.956416961501713,52.25917520789596,0,27.729710713092796,Sintético
BG-0694,4.596214048067884,-74.20023751318153,15632.729697822182,71.62712317588745,148806.72857334593,28826.999833671238,48174.31174767792,147.35792345534918,8,111.36876578498939,9,15.918021708036713,24.049469528732654,31.137249771565806,0,39.023888129321875,Sintético
BG-0695,4.570278378485234,-74.07780551720933,6252.415041281152,81.18338238348338,49014.334703412176,20545.814512421955,16801.918731721853,752.8473968864752,0,226.32451999499872,15,21.014705455212596,47.84711665980272,6.00805059944991,0,29.787543472113363,Sintético
BG-0696,4.500887165781153,-74.11861316429945,21504.710203188144,66.26854109019989,68498.87455926153,11571.613730396273,16619.86044196114,5.120245090780976,5,87.94726946956249,27,10.750658424588014,45.60497404486678,27.329490493347375,0,34.84984116541991,Sintético
BG-0697,4.780888830610519,-74.11825955804794,8653.647162450383,81.90794735302251,85786.16158927511,19335.52321838573,31495.63724437719,111.5735171633537,5,175.16761783823995,46,17.9910980388077,46.29514148487811,10.465509555677178,0,32.046155063696276,Sintético
BG-0698,4.642391659767793,-74.02876150388298,18039.68174143327,50.05390480397137,92839.3445529058,16681.293835341177,100860.23573145729,91.6652919356877,6,135.73465712338205,77,5.37315611878034,56.74945439452318,23.890830962814636,0,56.036722154948905,Sintético
BG-0699,4.612775754553887,-74.0044381147796,12008.077207749791,30.85098753720179,57925.34464564809,23037.269006053884,60355.868468492954,1144.5575454888053,2,127.63616554292174,36,18.40766038397465,91.42130612301827,25.754458112984622,0,33.64796379189534,Sintético
BG-0700,4.513679134892386,-74.09556852089852,6306.190970481664,68.65658822607418,54710.31250604491,21852.370472976516,18269.16827568764,166.1388380464133,4,119.77422278056747,56,27.800841295694156,7.829685045667868,7.483334697922583,0,33.78756888347583,Sintético
BG-0701,4.497419554142767,-74.0635081806934,27436.87233072552,73.31342550666513,46755.14552771276,8048.138753619941,105240.37201670751,263.65134104834976,4,146.76307291049574,22,22.307919036887938,14.202187193564338,30.529684312785594,0,44.287872753385166,Sintético
BG-0702,4.555937067878841,-74.21331717509199,18001.346463910115,24.78767109452956,65546.06813835738,32136.00512096993,7609.453951614682,117.37885669180925,1,76.22566952439985,15,11.59434749195831,48.60660262125376,18.99673797660042,0,40.095243330774046,Sintético
BG-0703,4.673007958748181,-74.02549828910963,18193.213800502654,22.288486779555505,72884.68179745073,25294.259398639857,68358.27368534566,328.0900823361192,3,235.42144591758517,6,23.217262042318893,8.076410579869295,25.759952467159327,0,42.35970249998774,Sintético
BG-0704,4.536745815017817,-74.10925920268856,9428.995698537268,65.85624484560151,74937.66060202301,14190.693714051427,26615.416153702245,223.35795784803022,11,143.7289641648056,11,32.82085942599644,26.098585267415046,58.998508722746365,0,29.2149285342489,Sintético
BG-0705,4.769923073774692,-74.14735515739294,12688.585636078356,48.51388788536531,115537.40108133008,10376.13445849001,24851.025701793333,184.26739837294392,3,138.45445746461743,50,8.020214111702877,55.22053464302504,12.263995431273237,0,33.211777736400684,Sintético
BG-0706,4.712203649457393,-74.10000843993801,17434.440461368216,64.03122734333056,37717.33529165562,2522.595672299113,84648.32949901202,335.7590498933209,1,202.50589930490062,38,8.716733869274895,70.61493924006736,5.75521937626341,0,43.2440169912742,Sintético
BG-0707,4.62595330415829,-74.18022881010295,16192.349780709326,74.7897466158411,61231.069745497865,39281.995632373946,66436.4578725026,880.6705009933619,5,154.59096245195903,35,15.9263483391238,36.27470537040229,34.776262576194966,0,46.342524613804386,Sintético
BG-0708,4.566441311740112,-74.1559569206143,16287.3022735516,63.27623637089999,26925.386331678048,11979.904120463918,55581.69228807305,44.182532023648214,3,370.07050807722266,10,30.291403290709983,48.872838515018245,4.660294779333706,0,58.872713331083816,Sintético
BG-0709,4.7167468058712725,-74.18937340220845,18267.77505177927,18.81614607127663,81935.30450857033,10754.191277700456,71976.83894906464,1299.177043939021,2,108.60680961980044,45,14.493268682733165,76.95552711288636,7.570562537163558,0,19.012131891015123,Sintético
BG-0710,4.4823776431402385,-74.04537656883603,6764.406553437557,39.50110272499544,93095.30738798343,9496.540746873656,77864.21672052707,348.1958135741317,3,182.5868326437829,8,20.658956283814433,53.369370361545066,14.702537364110569,0,31.85597105970784,Sintético
BG-0711,4.612278570385212,-74.09361677697973,26520.236661016286,59.45307014255267,25000,9981.652257535505,58953.70370341382,198.04781741046668,0,122.35258993645834,30,22.32480968421955,51.663950294875484,40.601525834565415,0,44.50579210908112,Sintético
BG-0712,4.613942075356201,-74.2088131176692,18590.461652113074,24.560878960325404,191108.90461665095,8605.10695258661,62898.78221766121,1206.0210580631244,3,231.44622432570213,16,10.495777519378128,18.659778475412768,50.13714049888884,0,18.343404514514226,Sintético
BG-0713,4.637268632892944,-74.012849336581,10845.710216758041,39.679998775382614,74437.12569967144,20889.684712380546,35896.12497991013,111.00751172685997,7,142.98818243519517,50,25.122510541822493,20.151915600399363,2.3842608801201184,0,17.326518512822613,Sintético
BG-0714,4.652135730763708,-74.14772807886004,12810.332184238647,53.78425482739363,31836.300678541604,12403.200768492148,134535.59996722685,474.89102062104604,3,110.95246671810996,41,29.895625760750338,34.60156212029004,12.447379683167098,0,36.68062761140171,Sintético
BG-0715,4.618992076946487,-74.0847902224293,9582.536656263395,32.24604410601329,54009.76754431147,15778.456361594892,65368.458133733046,168.83705109804916,1,99.78670986544115,6,6.239194855787106,8.33894263909766,67.03018611845151,0,41.41906010456166,Sintético
BG-0716,4.6197649112239905,-74.11183939376593,21342.234439875596,26.78706732441512,41881.130233429976,18151.83287429778,64631.82270782498,41.11029500602325,5,217.31629045992455,26,5.622737644418366,56.33744710272893,43.258963683512185,0,44.985456836120456,Sintético
BG-0717,4.593208804855934,-74.19100407478965,9691.395520750415,51.609028495509826,84009.70532000304,27948.799179376863,23789.177609586248,221.56484213354645,4,166.21170046764894,67,12.076097171356682,47.102000754042116,16.87650868319404,0,37.02636593717866,Sintético
BG-0718,4.488077375829321,-74.05410051356672,24035.836496586187,30.631016804148675,51418.997937683926,15252.407910887825,26204.525378151844,51.075657183045166,1,194.0622272613157,54,12.61990428311101,10.155560137008699,9.211237063787884,0,32.400153989037555,Sintético
BG-0719,4.792679051623397,-74.2103115429047,22753.27915018193,74.10231167205214,36970.74001401111,18393.691729662754,54747.70818224652,923.7785496997567,7,107.62408976862234,42,5.015209576658349,9.961430253592956,18.090749040464637,0,36.79498028767984,Sintético
BG-0720,4.767178453155422,-74.1241001271587,16136.339851685856,64.9937533490946,195719.87301197439,15836.936976331379,49091.348196797204,121.16732690635008,3,120.30601816435258,64,10.539943979963383,17.88468834979223,38.160799121985356,0,34.357727901193265,Sintético
BG-0721,4.526352490442253,-74.0367707502287,19684.259180710953,50.327982277128235,37692.01029451568,21070.122731971074,11405.575810454262,205.6758983851879,6,204.7146503122534,24,9.985544128403628,27.39980373605706,12.306217850992683,0,39.944934397620216,Sintético
BG-0722,4.814213747433182,-74.06538219319503,15252.033382928019,56.6603323658695,30881.746288337665,24185.496373332062,88931.9840222101,45.546883863370034,1,194.01571025984939,6,4.134437100619357,35.328184254929226,61.39547342167078,0,60.48940223313268,Sintético
BG-0723,4.603121023845272,-74.05290206491485,18127.65069199481,48.03623363373824,92152.60619018548,22442.115811377582,18124.594827567198,1924.0975477144727,1,157.08221742876353,60,18.368178113203136,24.368903358591073,48.676832217227364,0,25.143842863905213,Sintético
BG-0724,4.597826535191077,-74.13177709428582,13365.368179291348,83.98616278173229,55097.00803625223,27020.40099827279,36412.363427292636,1189.816114924905,7,84.17679000949538,13,33.28844250338261,23.34577172345655,36.487277165055104,0,27.038719255599304,Sintético
BG-0725,4.740821644603159,-74.21889634659424,11814.953520011082,70.90320275726233,34549.98178108787,12158.395930726716,52831.37617219858,34.49140284193214,2,165.43707450797828,24,4.5143258452855015,44.72630245522359,29.692689119242022,0,38.147688479711505,Sintético
BG-0726,4.513038211066002,-74.19319120048864,15860.969499339557,63.1945256414187,53120.140780503236,18232.22274808339,38613.666015522445,105.63321811634665,1,255.14079333441308,29,25.15738287854307,90.5207181089763,16.525483891890055,1,45.78266596221125,Sintético
BG-0727,4.76953114697963,-74.15180345739626,20957.379979634192,56.307307522552605,162536.92547968883,8483.314606533082,73925.69740087322,139.0907271278802,6,103.75870785760969,27,20.548058513580923,33.63265694219657,12.325392232212147,0,27.69759242830014,Sintético
BG-0728,4.625471550156839,-74.00851893688892,9328.00787178726,61.26695962290661,47189.70262192009,11269.122229960463,36649.878580676115,30.15068828976092,2,184.98283751370943,49,19.198579552964823,41.490651867687255,11.798634820668369,0,30.83382113267771,Sintético
BG-0729,4.574792003230053,-73.99518558784249,15516.56144951693,41.09226015297772,112327.5933661154,8252.825608879923,88195.41707700606,26.928121649334315,5,118.759654337082,19,20.700234071526882,39.20824179202801,19.204363178741552,0,38.079987057425896,Sintético
BG-0730,4.5029179649244595,-74.12481303500965,13972.196274953896,57.03294469179648,77546.67559271754,20395.805876860282,67891.55180671248,284.0771220364825,9,160.31344296869068,6,5.849701424113947,44.110133132193205,31.55787959416667,0,35.0020881534514,Sintético
BG-0731,4.7705348940739905,-74.06344774112017,17777.813224595033,59.54031377734547,69120.53720606481,26036.509369179752,51730.25120433794,71.39199534158033,5,124.88092810792656,20,3.6038725074371367,42.062311044495225,55.782435347605876,0,47.372520866153664,Sintético
BG-0732,4.62840278978091,-74.15261462368697,19306.359628433842,85.93206378901748,120966.0502810911,9619.606831775,48871.02722387874,199.90818892176353,0,37.68886785797163,28,5.144407855931924,17.486033332728514,25.496160850543966,0,27.181810507205377,Sintético
BG-0733,4.77198465372201,-74.0241850220932,9347.955817390843,54.028674098305714,78694.92559474155,20745.85072030059,26781.486867503885,177.32004928927583,1,227.84805259500357,20,30.759750682323226,36.57159323100046,4.963648463535162,0,37.66279759366083,Sintético
BG-0734,4.615908510205235,-74.07166760261465,17057.057628873063,60.82706774327191,83622.69178892841,25249.734743811325,69142.33450795076,410.3828456829878,0,124.32752831764975,21,29.844315259638005,12.537927664453068,18.136161963065994,1,47.35310644859289,Sintético
BG-0735,4.668753912912142,-74.14570288145947,19043.954593505085,52.83827050195108,42011.267931771785,13424.64836239443,14515.996635747188,931.2477690403216,4,64.02983170119514,15,11.74692825988908,41.51832126095511,14.698086574038651,0,27.267874827188198,Sintético
BG-0736,4.677664455227906,-74.0134659933445,12823.274467114936,65.21742881032449,93591.52811070635,21177.2518232745,43352.94605079535,347.8246739252168,5,127.30455877772661,90,16.874660747422556,81.31401087000309,46.17552377551039,0,41.013481267418385,Sintético
BG-0737,4.701037853855893,-74.19785544059468,23182.92711252058,25.032344558405867,39067.29421554042,27687.94887874723,49664.439845790366,204.66600946451686,4,109.39282002256363,50,17.262832943634944,41.08317087940526,68.52287395057229,0,43.65373271608157,Sintético
BG-0738,4.7236268279709375,-74.03076964231666,20507.645521913968,49.47755573661672,25000,19824.666874437262,23732.6858530431,1015.5437647565641,1,127.67583672022764,33,3.0156055317647814,28.635884052151695,8.77542304868356,0,28.569342338186583,Sintético
BG-0739,4.625356449082003,-74.1243175302442,18012.935020353183,24.49727920601439,39570.895564942184,7079.845760479281,37421.36953091783,14.68922568753248,4,69.76646692603254,31,21.31983388634289,81.86944945427504,40.21442174782833,0,33.26909165616599,Sintético
BG-0740,4.550345025151924,-74.11827820777451,21594.648103569103,77.46187349070249,70429.7347484097,16404.635904147322,63976.52527798753,492.9572492778418,1,227.63952361442296,20,6.662162303663084,36.52324778899575,16.45429453224357,0,55.10554400597024,Sintético
BG-0741,4.601756027344952,-74.02227743469034,12898.45705420075,85.1715457305155,128799.55494589217,6564.4788374573045,85815.77093447687,572.8625305020869,7,296.11231598874633,34,33.348452825246845,12.32050271525423,12.992701760994407,0,37.87009369027545,Sintético
BG-0742,4.489954580423771,-74.19513816125166,13849.15449733602,67.58168592563332,55192.05372923812,10325.178655520162,10933.716600242393,586.6958957085156,2,160.80497704701799,46,15.393405154262986,15.22433538142209,9.37345622239524,0,20.719495808934685,Sintético
BG-0743,4.713204892330643,-74.09340578520687,14320.403033860935,63.333159224534384,117424.93321055011,9104.512970409782,46365.70310286861,328.5787348124063,3,174.7461743230587,11,2.597349800889594,32.94784039495603,28.805476901369065,0,38.30194274679928,Sintético
BG-0744,4.493120983214009,-74.16756346133128,11885.313981811643,40.10685508646834,51192.8808152195,17130.188325281906,75864.25508936621,122.54431117091973,0,171.00194364538473,48,21.177248440623984,86.23872641890435,27.565912235977898,0,41.764804792600245,Sintético
BG-0745,4.694401469317589,-74.1328107163801,14124.729787080234,79.69165378694044,41013.83162642723,9910.83640835495,65879.08813019404,419.7292633324418,2,266.6707649770563,24,2.175313017872498,15.952161883746873,38.20480259896134,0,44.49757867790852,Sintético
BG-0746,4.808407811972677,-74.11764522790118,18965.64202850691,82.37686357965669,121362.24582313621,3966.5337667608374,28766.461525145976,12.523054741478022,6,145.66265619114787,22,3.2302605569574583,4.3619498299759565,34.60651557706987,0,31.671683973673606,Sintético
BG-0747,4.645584821667551,-74.08880513089846,14910.09218887493,78.14705861169531,83759.24430925779,12839.394017522252,18426.880985191056,568.8168599109379,5,207.0068894011403,26,1,17.251201312140996,23.433992474310667,0,26.309094285673467,Sintético
BG-0748,4.5864351328403785,-74.1929651058636,13470.824121014002,52.65043649909544,80076.1145796662,22606.72962234156,13481.734028043189,39.84013122758143,0,211.05265272549127,42,5.185845795358659,18.08883642961888,28.978333633154698,0,38.76474790993808,Sintético
BG-0749,4.5486776886699225,-74.17094848840549,19635.571232981776,58.557842787584825,54294.37213868788,11622.325188446612,69074.87881395666,42.322131395251176,1,93.8454697058108,79,29.098139368289058,2.7264702057239885,7.219322727876127,0,39.15596377742543,Sintético
BG-0750,4.507786801822965,-74.1962936450552,11145.062910151664,28.865519893216796,77340.94785402813,24545.242731780196,52829.05523406172,332.2304397151849,5,210.56237088464286,71,14.24698423539918,64.16129897596915,5.6038445716589305,1,28.811016962678767,Sintético
BG-0751,4.809430150654647,-74.04636111201212,10870.807694476302,49.039356246924946,40826.72330621598,10025.010861585879,82386.9814884131,436.84979716252167,2,128.53986252280222,43,3.3339718214861493,7.695728927700653,36.09486153830954,0,32.39019447837594,Sintético
BG-0752,4.735496442873615,-74.00397929360412,16723.887233268277,59.59501215431625,111242.78229897497,11601.196661159638,25403.883076664355,499.0629353607223,3,170.36169029306208,24,9.485944598888604,34.5859290757984,50.21245638389089,0,35.308436793017485,Sintético
BG-0753,4.642053872915464,-74.13949425555167,22466.25954309569,63.102889023366075,45694.1831285445,31907.001908828013,108052.48253952505,124.02453329000285,1,43.26506093669569,54,19.692846520052097,77.72702598643626,7.84735501863388,0,47.568320665054166,Sintético
BG-0754,4.522549089167144,-74.05713925280916,19209.428278125182,87.06612139214644,25000,14599.541814552633,28803.226335499126,284.92399999757873,1,93.75523375050452,21,32.85036479981523,71.81539024624175,14.379115630464629,0,51.665035435426795,Sintético
BG-0755,4.723936654182687,-74.03035300965331,15640.321608612228,18.3842469054756,25232.497245944374,22446.897039294956,54436.77077447679,699.0524467170578,1,144.31146105754573,8,21.53485120550794,33.663077378697494,16.987258750270286,0,23.813266685833963,Sintético
BG-0756,4.528987014685512,-74.1354407094227,13228.22367291531,62.46285894899602,37196.85494961839,20518.03986521789,63326.625791101316,1969.6982026837636,4,138.09081654366582,49,17.721253376185793,63.98976751313413,9.872597061005619,0,21.8615690259333,Sintético
BG-0757,4.807743677477922,-74.03649040256853,17942.59531207266,96.26087932845981,63018.533199489204,26379.266511034082,48503.44329109202,1954.2578809880633,3,281.9044647353294,35,11.172774684273298,59.721568612079444,23.62691745877466,0,36.79414475828264,Sintético
BG-0758,4.674738731310263,-73.99326881695266,17481.399191115932,71.95952001432731,64307.34212644433,25148.838557129897,46881.964812426435,456.2277218933123,2,72.75329632649547,4,6.966220343783515,36.9984784215135,43.652125871864015,0,50.21735225484039,Sintético
BG-0759,4.537804030790963,-74.05216581421318,15151.714543109474,48.03568938419488,63837.747513461625,3000.264506093157,46541.65706370302,534.6417931169534,6,110.4418912788598,12,23.874739107961126,42.1408905641868,3.0706336981326765,0,29.92981816001426,Sintético
BG-0760,4.487891022889464,-74.17449967001379,20919.267874141362,73.98200005841927,140717.2670527738,14835.190264632443,83278.39326721015,123.60292152933049,3,151.6572043673547,6,16.491054948648,60.53392314980256,20.014083175753033,0,53.038646995593446,Sintético
BG-0761,4.7936034491378186,-74.0958584479573,16982.0178200499,80.0934805379089,60866.23001204088,16885.659724769692,72674.89899600486,24.987046600733024,2,176.40901948644327,43,36.487964988465315,31.43414702117638,49.048379034617625,0,52.77603417924894,Sintético
BG-0762,4.612217804126038,-74.03081475426195,14617.153426554123,65.34489786994017,69717.8886786775,28531.21494921512,44483.37859035687,244.49697167181688,3,178.97069082430502,13,16.132456899328258,54.02496077724194,56.33144732176816,0,47.40309380391915,Sintético
BG-0763,4.657185489421639,-74.16902949348525,17072.837987479295,35.81570830660757,83800.0889632276,13046.844208735556,28712.089371043658,307.09468020036365,1,126.2431837808728,27,11.633978515161314,57.882347092660915,32.68331019952927,0,35.254774054389685,Sintético
BG-0764,4.778209643223302,-74.14271012345115,9596.43384335898,44.74323229610266,61519.48681708293,15174.625733824565,17526.65963960005,3.283264928959228,0,109.69086451121935,70,13.161131701127214,32.98090978666361,46.2969986606849,0,23.855563355769984,Sintético
BG-0765,4.60002488952492,-73.99880428730698,26668.290726643514,74.28198532621802,36899.783077823275,17874.128292572652,20776.202277269203,492.58289427310984,12,311.6111962517182,51,14.55107019462966,59.32798129777168,23.611769555810543,0,46.709604996866204,Sintético
BG-0766,4.706856644810394,-74.1896952736482,12819.326274022938,19.605515823319706,44924.89101536706,13453.953424199895,52213.14571481386,287.2100255276282,6,149.65932975432182,10,20.75358093310811,34.49237298428747,36.67934757036181,0,20.517240899499683,Sintético
BG-0767,4.602165468860314,-74.14093061776792,18929.569823025136,23.895772651737648,54117.637032688406,7420.405811179746,55928.27607730227,5.63586250401262,2,145.78159555268047,32,24.982085404961236,44.43532696351784,36.523561868184295,0,34.35804959080776,Sintético
BG-0768,4.755928711659306,-74.0497534429546,21933.179509353624,12.010427757269229,48200.06944637528,18332.947490671777,62470.11069541097,1033.1386115591376,2,160.09900861004382,11,1.8109502465390073,64.83635949499454,44.88701934279417,0,25.452124065621298,Sintético
BG-0769,4.509095603365948,-74.08186884875985,15610.83974444309,61.85857807560308,111190.34502278164,16039.881419446769,69192.91105881716,927.5789023949637,2,94.99841507926642,45,40.30540933584663,29.50344680437718,10.88716756465528,0,32.7906525752209,Sintético
BG-0770,4.694651041770678,-74.03919688571037,10057.450671851471,53.80280117972287,58583.0233769545,13603.566090954579,107982.2328974331,97.03121961633103,6,98.03208952143359,14,1.8911224510421172,68.9869546636368,2.3458988378416716,0,40.85638419995687,Sintético
BG-0771,4.509803250313268,-74.05463183241056,11511.06419009835,62.845615432098036,25000,6849.601428157666,89958.05804543897,132.677891223478,2,215.14205437880457,18,3.81562539730085,61.37141793542917,28.189416132689416,0,40.90074886223227,Sintético
BG-0772,4.530072626900295,-74.19867220744555,4168.575538990159,74.9879499441992,102935.3260967204,8736.837632190685,118089.24590174085,176.94398421040202,3,224.81778020735192,15,20.54166210512487,42.58476409550949,39.12291358655525,0,41.54730894898213,Sintético
BG-0773,4.760148100949813,-74.18570843419171,13281.292966532363,40.51894097055948,56640.759974676286,18321.62812601922,9913.472828770451,19.805978303045414,2,114.72320433119015,13,7.576710500369439,64.94601650268349,33.29516459531615,0,41.50750845761351,Sintético
BG-0774,4.506870346112595,-74.067020909341,22027.003884403828,19.999405364088627,52436.86150712333,9701.68527170579,73006.31109962532,61.52506847467341,1,62.091766309195286,48,13.80743764678802,34.39599851413441,21.675604932256395,0,33.822182485492704,Sintético
BG-0775,4.796734978777261,-74.17088728497997,10583.245872398149,42.41583374700793,45327.26063736553,11682.12031332152,48005.68755019527,408.8475598535743,9,83.98009531058935,52,9.77471572231444,61.03922349717487,19.043854294928988,0,18.29537438767893,Sintético
BG-0776,4.641895292058513,-74.12720169207194,32857.82798615533,47.58308109695349,25000,10403.054408795473,94705.36921300992,367.73534012745296,0,111.69587261723777,13,14.556231400973415,16.751198966403834,22.343862439442756,1,42.140302536083254,Sintético
BG-0777,4.616914370737215,-74.12544007541452,25314.292401643226,85.92246660964284,111872.13178631966,8108.880718076737,100549.68931706257,821.9370616058703,3,169.64277834691921,60,4.176925224477448,21.016303494907206,14.423207161649,0,43.08716141278701,Sintético
BG-0778,4.8086515958235525,-74.21253384452974,15797.089800014119,54.83800258447072,42429.58068598893,29160.389126351798,89975.7338331263,347.12977037947525,1,128.86179306787727,25,3.591962588227111,45.85880809976185,17.258102868455993,0,51.27078139712396,Sintético
BG-0779,4.594937194116344,-74.1395890573195,6799.965406090492,64.38401209270504,30289.416561347458,16790.87521625618,98876.56268934537,98.24582367957022,5,161.8529394634022,27,21.4367435274411,45.05739740903865,19.606157844530106,0,49.25679552467431,Sintético
BG-0780,4.701801458933226,-74.0361271089428,20435.354245201564,89.17899634362676,47171.720122339306,12370.691640710591,37606.25302922,85.10922948535546,1,162.38583541879976,7,12.349604597240736,36.39938602881754,37.00725225945164,0,55.4159311752413,Sintético
BG-0781,4.67403351265896,-74.19940063000617,22416.02134938313,62.802817197223426,66416.33667963778,10667.109930227149,120987.97818337491,368.4030600430428,2,105.14460110714177,13,15.563595893708689,65.94011720836569,40.79313944459632,0,48.78424180103485,Sintético
BG-0782,4.546459546337761,-74.04330922028733,15880.18631065786,21.57212614392306,195810.15960666776,2201.689405288479,46050.01351226566,174.72763019347306,3,279.51817235861125,25,15.298783901205947,54.962426663193106,8.530187768137209,0,29.811103715734856,Sintético
BG-0783,4.78090707654248,-74.04400052919136,13425.14652687516,31.47357855304607,38329.30944555076,11426.700674859012,17704.53721219499,183.250543350975,4,122.84784191053708,16,3.9614274400933436,15.574360374226046,50.75692390834248,0,28.811896135571345,Sintético
BG-0784,4.5931404942151906,-74.21379332173977,7601.467421138192,83.96297392237433,61748.89233437223,17636.48748471876,54152.61851835923,1087.4244977406827,4,184.26360473667498,37,3.776157744719419,1.4929484294464785,46.6452956607787,0,33.47748730685646,Sintético
BG-0785,4.527991798211544,-74.13697824479043,17285.7797371562,77.76141522429515,53464.72568428568,15033.522182831577,153395.91264447733,1292.4695643061227,2,63.59984249782518,29,28.543187653217576,44.906708715193176,4.980698026147027,0,48.037121419162446,Sintético
BG-0786,4.517459503798939,-74.01901394309733,14062.252378466657,78.20420581194021,93975.59238577863,11393.612254522926,38608.1666619321,832.4534069472193,2,157.51778851193393,63,33.500691601073044,39.416951342509705,17.04077174326322,0,35.485613222044435,Sintético
BG-0787,4.543785103762707,-74.11380423398079,11591.85818978967,45.281995930288474,43052.98998089093,16813.941611950755,97734.17474490074,295.3635670323738,8,192.14507971607824,4,14.491834215923518,33.76004957268423,0.4779357468438895,0,40.7311724645113,Sintético
BG-0788,4.796096837628361,-74.14443045294445,14803.461636224483,70.37598379229372,61584.763353570976,9691.180605181591,55717.89372948302,718.2776261300264,2,142.80812585972282,16,17.190932298849773,60.42387396822876,61.96578537025649,0,45.502411210445445,Sintético
BG-0789,4.810384037440342,-74.21225490684756,12984.63888488157,10.452620879951239,66304.39752470405,25104.91106129397,83001.06876323845,439.6954229071461,4,141.27402891826745,12,7.9464531790468875,15.867146535113669,52.47076256948199,0,29.064304635008657,Sintético
BG-0790,4.693504862689583,-74.13782500133327,28351.215352924788,71.46821653543269,25000,10810.704752063071,96107.70879288774,178.73129519758496,3,112.29319688931622,26,17.976964391847986,44.328777781340975,29.25486743035068,0,57.96300662598474,Sintético
BG-0791,4.645246635298546,-74.0223005412813,18883.987319721462,14.585660394845467,25000,13630.378272150874,45672.796347056734,315.2072972510476,3,133.58577906737858,30,22.11563809701745,27.78766757552208,10.972403658525105,0,32.91562681111495,Sintético
BG-0792,4.7314133448835,-74.01650170300908,21291.206177310178,69.46103746246521,48432.286541387955,12908.253643292874,85497.56367691999,380.30935044814976,2,182.97172031989234,20,24.84628718793596,27.766083730080425,34.07049885315354,0,39.297453504958426,Sintético
BG-0793,4.730464671250509,-74.03318619760404,16573.93857213365,30.922515141552964,37467.57214106112,14779.6680757105,99032.09596785107,784.2448937983628,1,108.40967044335308,59,18.359898377805706,58.671908274821824,38.20031318360812,0,40.62005852156581,Sintético
BG-0794,4.789830636708251,-73.99328209977448,8668.119341532918,82.19396907246951,53366.30432101885,20464.17842812591,51353.26601344422,1110.2747034200333,2,173.33820141205643,21,5.706979351635535,56.38384276727256,41.918115185901,0,37.70417302038335,Sintético
BG-0795,4.745988533111952,-74.13809208389756,32023.238968771744,86.73914844176124,57970.06071559815,12846.554594024923,38580.867922803416,72.56673133856434,4,179.02000652877967,33,23.50023501504993,20.065582976795284,31.571792403600718,0,51.55658201161949,Sintético
BG-0796,4.683053869207314,-74.19864803511764,14100.694613572265,57.88688522644776,28474.231079640544,10807.333385527962,57010.18022079779,116.92119739615454,4,115.80267394648925,26,20.373800357497213,27.988894186125314,15.652776075322924,0,34.959995041814594,Sintético
BG-0797,4.525938956672777,-74.21818250734324,17180.682185047215,16.793597399021483,47938.7428860016,24369.986247872905,35145.13971582828,12.786839094253239,3,229.0191961082382,55,13.105461365046642,36.7095512293271,27.837865214836782,0,41.49911738667247,Sintético
BG-0798,4.80295668145614,-74.13167489120697,5073.865426801767,72.33756154395381,47439.659778424044,12436.599389553596,60577.58200732513,4.3216608003498145,1,239.8539143551028,73,13.763413363459602,25.46352844230127,45.04551837816499,0,26.152856019930653,Sintético
BG-0799,4.787127409263208,-74.16789202423712,18072.492625896608,86.3850832269047,59343.66869009248,36097.37836961372,39000.216678191435,292.33573890578015,0,132.40347819118043,45,9.56419134245828,54.76584146414937,76.99777860025301,0,60.94285736530197,Sintético
BG-0800,4.768908052368602,-74.1896941219955,9652.189537222035,75.42211654611289,41117.14457910531,10508.364802903274,41972.87417661026,47.705336410084364,11,104.39392467517187,12,17.398859991883427,37.585766576030494,6.359901212403711,1,33.24952424613512,Sintético
